customer_id,category,purchase_date,amount_spent,num_purchases
5dc4ae46-a028-4a75-90c4-625f63348cc3,Ropa,2024-11-13,44.41,3
73759ef7-eb08-428e-9fd8-a2901b596524,Alimentos,2024-06-03,115.95,8
ce6802da-3c09-44f9-b7f2-5870c0882f2e,Tecnología,2024-05-09,178.96,6
5223336a-ef3d-4d1f-a63d-921cbb4409f2,Tecnología,2024-04-22,138.37,2
8a92172b-8538-4eaf-bd7f-40a3ebbbf222,Ropa,2024-02-08,101.11,3
cab2f96a-d082-47ca-8f11-12054a5775e8,Ropa,2024-01-04,78.61,7
44af1db3-2bb2-476c-951b-916cb0881d43,Ropa,2024-02-01,72.78,3
08eaaaf2-ecf8-4ca9-90a7-1437510ed1af,Tecnología,2024-08-24,105.55,9
5ea408b8-712c-4462-ad4d-4fa2139d52c2,Limpieza,2024-11-29,69.99,5
b042015c-32e6-4a36-a4b0-aa3e3cb210e0,Limpieza,2024-09-19,147.37,4
9ddf23f7-ac52-46e4-a7d0-726ebb51cbfd,Ropa,2024-11-18,48.92,8
434ea39d-44c1-43b4-b2df-ca87637dbfb4,Alimentos,2024-03-02,91.91,1
47d1fb7e-96bc-4f5c-9513-728c2179fb8c,Ropa,2024-05-01,128.31,6
ce841528-426d-4c59-9a9f-7f8f463a9aa5,Belleza,2024-09-14,64.78,4
11ce173a-6708-46a5-8965-acec84d71337,Belleza,2024-12-04,10.0,4
1e3c53b8-6bfc-472f-9ef3-5f393b890bae,Belleza,2024-11-28,47.81,8
9ff4163b-0b00-42ab-b891-d3756ff199c2,Belleza,2024-09-04,49.55,2
f0fccb41-f628-4dcf-a524-2de00c4da950,Tecnología,2024-08-31,20.84,8
9d8bae90-3cc9-4d7d-b1b5-2aad0b421324,Limpieza,2024-01-09,104.82,9
d6be66f7-94db-4ecb-843c-f415289c11bc,Tecnología,2024-06-02,120.96,1
3878dd61-30ad-41ca-9b7f-3d0a6217dbc7,Electrodomésticos,2024-04-04,129.11,3
12086fa7-0dbc-4458-ab06-078ec2001401,Alimentos,2024-04-28,144.39,1
d4ca29e9-0e0c-4eb0-8c32-eb0841e01833,Alimentos,2024-08-25,89.64,9
d9fb3e2b-262b-47c8-9cf1-f115a973a7fc,Ropa,2024-08-01,68.83,7
e4ca1030-dfe7-4ffc-8388-249456f7777a,Electrodomésticos,2024-02-29,24.59,7
543113ad-fdf1-41be-8c4c-396a138429bf,Belleza,2024-09-19,154.98,8
186d5c07-f888-4938-80bf-422d5ab69aba,Tecnología,2024-04-02,140.63,3
952b2866-a740-4a1c-ba19-970f93daef75,Electrodomésticos,2024-09-28,167.81,3
289fba01-c06c-4d0f-a7a7-9fb1b633906c,Tecnología,2024-11-29,53.31,7
937bcfaa-668e-4ba1-a2fa-d3207ffb417b,Alimentos,2024-01-10,139.21,9
27f309f6-e9ad-4eb9-ad0d-e1fba18ee4fc,Limpieza,2024-03-26,104.35,4
d50ffa35-3c02-4b4c-b6d0-e1e4b4dbd8b4,Tecnología,2024-06-30,85.05,4
05fe3972-bbc6-4cd3-8faf-d408804ebc9a,Belleza,2024-05-22,114.88,4
e7a41f21-fddf-4e3d-925a-2a567421fb45,Tecnología,2024-11-25,48.59,7
9314d977-4512-4c23-b8ad-b3275857fae2,Alimentos,2024-07-16,135.25,9
6efc646b-38a2-4690-9894-908b269186eb,Tecnología,2024-12-08,118.05,6
452754f5-9771-4027-a541-b68cc2c8bb1e,Ropa,2024-06-09,73.51,7
49158063-3059-409e-8704-b31f872a495a,Ropa,2024-12-10,125.66,9
b5f5f68b-8f6a-4d73-88b9-aa511c75a3e7,Belleza,2024-07-01,87.17,9
f5bc5865-52a0-4ccd-9788-5be4a097bcbe,Ropa,2024-02-25,81.61,9
4feff016-b5a0-4dc9-807a-cd01f1a2cd59,Alimentos,2024-01-25,100.26,9
7b2b9cce-3564-4094-af9d-03c4cc57fb56,Belleza,2024-09-05,88.27,5
8337f98c-4a85-481d-a6d2-e5101fa5030e,Electrodomésticos,2024-01-21,82.86,6
5dbab9d4-de84-4d2c-866e-1b2989485409,Electrodomésticos,2024-11-24,59.89,4
e037fb11-ef8d-419e-81aa-2d99c3a59c85,Electrodomésticos,2024-06-19,99.23,7
d059c4bb-bd68-4aae-9411-38162ea2a81e,Limpieza,2024-04-09,98.63,3
6bad9bc1-3940-4298-b480-5bfdbaacfb76,Electrodomésticos,2024-09-25,77.91,1
06c6a943-0463-4984-a6e9-460d6df03bc3,Electrodomésticos,2024-09-10,95.79,3
9848608a-309d-4d47-8fbd-0e491c7a2218,Belleza,2024-01-22,98.26,6
1c2dcff9-c9c6-4696-b104-88a7123aa3a4,Ropa,2024-05-11,41.57,7
8d9803b4-2790-448f-b174-a1d68d9cc925,Alimentos,2024-02-25,33.91,6
4ff6c6ba-bcb1-4b1a-acd5-3c183197a831,Tecnología,2024-03-24,66.59,4
c8790865-688e-409a-821e-bd6fe910eb11,Limpieza,2024-04-24,129.34,1
e1a50015-ee32-49ca-8c9c-c9285dd99b7d,Electrodomésticos,2024-03-07,209.52,6
43291de6-8c29-42fe-81ff-59b30f272c08,Tecnología,2024-11-02,79.18,4
1fceb51a-864e-48bb-bf15-712e01d415b3,Alimentos,2024-01-24,142.88,3
21c37f9b-e261-4f70-81bc-0981f3ad6c38,Alimentos,2024-08-25,63.99,9
58d180b4-2826-4172-8be4-8edb8553d469,Electrodomésticos,2024-06-02,86.5,8
c94ace1e-8f0b-4367-9ad2-0d9677010697,Limpieza,2024-05-17,124.1,9
c1952c71-fd4d-4a38-a160-a0bf1a6df1e1,Electrodomésticos,2024-10-30,146.32,2
976213be-d252-4ede-ad7d-7962fe0f2aa4,Belleza,2024-08-20,48.61,9
636fc8c7-80da-4ebe-8349-755fa9d5a895,Ropa,2024-02-26,137.06,1
21322085-f270-40b8-82a4-5e0259dc7d46,Limpieza,2024-09-30,150.02,7
339bc64f-2beb-4817-a8b8-55d5fa5c9150,Electrodomésticos,2024-04-22,107.62,9
e521fda8-c5ba-49b6-bc37-b03b2ea439e7,Alimentos,2024-03-27,140.81,4
793f5ad3-228b-45eb-a79b-74784e1b1056,Belleza,2024-09-17,123.59,8
58c7874d-98c0-48f0-81cb-5d6356b0a684,Electrodomésticos,2024-03-05,66.0,8
08470651-b11b-4ba0-b310-2a78b207c596,Ropa,2024-01-23,111.61,6
10317f4a-f2f9-45dd-9e23-779196f948ba,Ropa,2024-06-11,10.0,9
b8062e6b-2e64-4f90-af07-d72eb9a0a81b,Alimentos,2024-08-29,158.43,9
acbfc037-6c9b-401b-ade2-63aca3432a44,Tecnología,2024-02-22,50.73,2
4b596c08-3299-4693-9875-4a09305218ea,Belleza,2024-10-15,45.3,3
163d546b-c50d-46db-9700-9a966daf49fa,Tecnología,2024-04-03,136.73,1
62fd21e2-9280-41d5-9fe8-a5035dcffac0,Belleza,2024-11-26,52.28,5
ced3fec5-93a4-4665-b358-a6384a532719,Ropa,2024-07-30,167.16,3
6cf8701a-63eb-49fc-8983-500160222baf,Electrodomésticos,2024-09-24,63.27,1
c3908729-6b68-4376-b4e9-e1a38132df7f,Ropa,2024-02-21,213.67,6
7fbf4c3a-e17a-4319-bb2d-0be3afe4ec68,Belleza,2024-09-05,107.35,6
4052bc3c-4f80-4b53-98bf-1f5dca4fe86d,Belleza,2024-01-12,143.93,2
22c54dcd-6cc9-4c7e-a7f8-896b1cc854c0,Tecnología,2024-09-02,88.02,1
8442eac0-1f84-4c6c-8c99-e0942ad907dd,Ropa,2024-06-16,142.51,3
485fedd3-ba8b-4c2f-aba7-26d2ebb2bae5,Ropa,2024-01-12,119.72,3
6d16f10e-af7f-493f-9dc6-a767309e70bf,Electrodomésticos,2024-03-06,10.84,6
f67a2e17-32a8-4cf7-a876-7475706e8bcb,Alimentos,2024-06-23,87.84,9
95b49e43-d665-4dc9-8eb2-de8e36cf0670,Tecnología,2024-09-08,93.79,5
c8f62a90-7703-4cf7-ac67-6075c195d7a7,Alimentos,2024-10-04,137.02,1
cdbdaf79-fa2b-4253-a723-dfc50131efd1,Ropa,2024-01-26,57.66,7
0a70ec96-66dc-4aa7-83e3-3f8ab7a01a93,Electrodomésticos,2024-09-21,24.26,3
cbc911db-b2c0-4fb2-a1cd-4751572df6a3,Limpieza,2024-03-03,135.51,3
499aca04-143e-4bf5-95fa-3a03f95aa474,Belleza,2024-02-10,104.62,8
da731864-597b-4a8b-beda-3927e6cef5dd,Limpieza,2024-06-20,102.91,2
aa618a77-9ff3-4adb-9310-070feea44078,Limpieza,2024-07-02,42.85,1
d1cc6078-c792-45bb-b087-d0a22c584126,Electrodomésticos,2024-03-19,120.93,7
49415962-69fa-46d1-83d7-033ea83c5d71,Tecnología,2024-08-21,63.59,7
c911df95-a3cf-471a-b62f-28af60491bf8,Limpieza,2024-04-20,115.22,7
3b712f93-9336-4f26-8acf-f4249cf70b4b,Electrodomésticos,2024-11-05,112.86,4
dada88d9-0178-4ad9-a068-b4b5fa5f8748,Tecnología,2024-09-11,72.2,3
69d145cc-3892-495f-a7fd-8c5978f9ae76,Ropa,2024-09-12,93.61,2
a3671b5d-f825-4a86-9699-2a73edaf4be8,Limpieza,2024-07-27,194.48,3
d2a77a1c-057c-46f4-a928-d45550d7c914,Electrodomésticos,2024-09-13,66.21,6
c7627c2e-0d40-4db1-abeb-5fb15f570a67,Limpieza,2024-06-15,79.36,6
53ca4de6-65ef-4e55-82cf-99e9371ade4e,Belleza,2024-02-07,129.78,5
5beb35d3-35d5-4439-95f3-498a8fdea875,Electrodomésticos,2024-10-23,72.94,5
ea8bb0f2-88d7-4e4f-8644-6c94047699c8,Ropa,2024-07-01,138.84,6
d5de31b4-8d8d-4f62-86a8-aef577369b43,Tecnología,2024-08-24,81.27,3
d16ca4c5-95e9-45f3-a5d2-38b7976bfe56,Ropa,2024-04-03,35.44,2
21a77b09-b7b6-4a9a-9054-a35648d2ea06,Ropa,2024-12-09,34.6,7
0b8a96b5-39cd-429f-993c-8f1fe2a55e71,Limpieza,2024-01-24,10.0,5
d7c47da2-750a-4794-8a6f-e5542b3407df,Limpieza,2024-04-08,61.41,1
d1c023c3-8e8d-465e-b9f5-3605d2fdb8e4,Limpieza,2024-07-21,183.07,6
25ecd2c8-832c-4929-adb2-27dbc19217b9,Electrodomésticos,2024-11-04,36.96,7
ae6efcfe-b340-4047-ac2e-7f26ff04a11e,Tecnología,2024-10-09,145.89,6
cc66b835-d37a-4297-b5cb-43f85aa74029,Tecnología,2024-08-16,24.03,3
2b4625eb-1f36-47f7-bca9-b2e4dabc9ee5,Tecnología,2024-11-25,75.79,6
d330aba6-0f58-47d9-bfb2-1270642e5ec1,Electrodomésticos,2024-05-10,66.0,1
025c0049-d55b-4a0e-83e1-745275c153a6,Belleza,2024-03-31,86.83,4
3ce661fd-f7e3-4868-82c5-e4092f99f41b,Tecnología,2024-08-12,53.65,5
25a9f342-4ba1-4441-b877-0dd3a80aa6a6,Ropa,2024-02-12,97.02,1
501df58e-fbc8-4da9-a5a7-17779b281d02,Belleza,2024-10-13,10.0,6
c8480433-16ec-4514-819c-dca0e68c8953,Tecnología,2024-07-30,34.99,4
ced61bc6-c1a0-4a15-8212-6da77e2cf750,Limpieza,2024-02-07,100.09,8
58179a13-cf11-42c2-b286-87fdcf93302c,Tecnología,2024-07-24,137.8,4
5c1aca1f-1e5d-405b-95bd-a2a8d8b454dc,Limpieza,2024-10-29,103.49,4
fd4c36ac-ef14-4a28-9ecd-b3dc99afff76,Ropa,2024-06-25,80.73,2
c3564764-bc2f-48ff-816a-baff3d25f3a8,Alimentos,2024-06-20,69.24,3
d1193b5b-94c1-4b38-baf2-db099ea4ae3a,Alimentos,2024-09-30,205.57,5
0269b0b3-5155-4f62-842b-b880ea8eac61,Ropa,2024-11-07,121.97,2
2bc488dd-dcaf-4aa0-a7ed-ff7820d8741c,Tecnología,2024-03-04,94.58,3
ccebee0c-010d-4a6b-9b97-cac1c615e895,Limpieza,2024-06-30,75.68,8
b5ecc14e-3320-4b08-b6ca-61bdda69ee1b,Tecnología,2024-08-28,110.38,2
68147c4e-fe0d-46f3-a323-186ca409d294,Alimentos,2024-12-07,68.89,5
bb35280f-860d-4992-8f89-a249ea1452d6,Limpieza,2024-01-21,82.23,8
0fb64692-df07-4dc1-8ebc-8e9d2c98ebec,Ropa,2024-04-22,122.43,4
90d53ae7-fa81-42d9-a939-940e13b498a2,Limpieza,2024-02-01,96.06,5
7535fa8b-b439-487b-8e75-e6aaad89a85d,Electrodomésticos,2024-04-15,193.52,3
6c436eb2-1a45-4c04-b94f-4c6380600d0c,Ropa,2024-05-30,184.4,2
8d07c6d0-c61e-4eb6-9ca4-746090916e2c,Electrodomésticos,2024-05-07,66.54,5
da73a45e-de9b-41e8-89ce-4fae3a2433fa,Ropa,2024-03-12,158.1,1
c6fb3040-3319-4c89-9060-7872a1c4eb16,Tecnología,2024-03-16,56.87,1
c582733f-a39f-446f-b951-a10d4553cdcb,Electrodomésticos,2024-10-21,139.53,4
243586df-1661-415e-928d-843c262d9a19,Electrodomésticos,2024-04-23,134.1,1
f5e94d98-af67-4a93-8330-565750b32307,Ropa,2024-10-16,84.49,9
91ff239b-d152-4f3e-b6ed-be1bcdc36074,Alimentos,2024-10-20,86.45,4
92ea1837-c6cd-4615-b1c0-011a88227a55,Alimentos,2024-06-16,69.35,5
96e34393-02fb-4fe3-b224-68913c3492ff,Tecnología,2024-01-17,49.7,5
7707bba3-5b3d-4bb5-8c9f-2af23d383b47,Ropa,2024-07-27,39.29,5
9fcc3a17-a6eb-4eb0-9e6d-2a8e360812a7,Electrodomésticos,2024-07-07,190.68,9
0b3fe84c-3d1d-47d2-a7d3-81cd62d82b52,Limpieza,2024-06-15,120.23,1
b40396dc-b323-4102-a9bb-bf335f50ba2f,Tecnología,2024-04-01,87.08,8
61a8dd20-88a5-4882-a967-167cb81c73cb,Limpieza,2024-11-04,159.17,9
4ce5ad48-aebc-4d71-9765-9ecd24964e80,Limpieza,2024-04-18,20.92,8
0c6e18ee-0110-42a5-a69b-e3d73e1a06c7,Tecnología,2024-01-11,103.95,1
f336cd0c-5abf-4958-a44d-0ca3f6bb2238,Belleza,2024-09-13,64.08,6
d1e3e6e1-6bc4-40d8-8c64-086c255471ab,Alimentos,2024-04-01,89.33,3
33053212-64a2-48fe-b16c-f730488a0cee,Belleza,2024-09-15,84.88,4
12f57fac-933a-423c-bbe4-3f63128aca6f,Ropa,2024-04-22,99.77,8
da3c60c6-3f04-47d7-bca2-c970d0d2aba2,Tecnología,2024-07-29,127.73,3
70ba874e-a901-4bcd-9891-855471fefda8,Tecnología,2024-07-24,136.66,9
ad89b416-a5d0-4840-af3d-7f81d7169a58,Ropa,2024-03-22,134.51,6
2759c9fa-f3ec-4373-ab89-a6858c1086ad,Tecnología,2024-08-02,79.94,6
31ba1821-25e8-41df-917b-4b945370327b,Limpieza,2024-01-04,111.2,5
3053f9aa-50c9-42ec-80bd-7b99f1e38a22,Ropa,2024-04-08,100.63,3
95e1afd6-35bd-4860-ad51-e96c5de487d6,Alimentos,2024-10-03,101.23,9
0e10f9f1-478e-4ad4-bbb4-d8c24e5c541d,Electrodomésticos,2024-09-07,124.9,1
411d647c-a136-4f7b-b235-b0b7c257cb89,Tecnología,2024-04-19,55.14,7
bf9057f1-9273-4aec-9d88-d3810648e402,Electrodomésticos,2024-09-07,176.29,8
da1af0f9-e160-42f0-91bb-3708d77f3ea6,Belleza,2024-04-13,209.49,8
fb1ef020-b884-4de5-8901-264b0f4c9258,Limpieza,2024-05-12,59.59,4
5b00590c-45e5-4f63-8e07-35d0a8cf7499,Limpieza,2024-08-13,32.38,5
3e858a35-bf15-4cf5-8654-9ef26bf00cbb,Electrodomésticos,2024-07-19,72.08,4
9be82888-4f98-430b-9b7a-af89732c3d7d,Alimentos,2024-02-14,117.09,1
756def8b-3472-479e-a294-9399e52345a1,Tecnología,2024-02-24,193.81,4
abbfed8a-dbf2-4a2a-85ef-03bf0d7cf45c,Tecnología,2024-06-30,55.08,3
9e44088b-37aa-4a5d-9385-0efdd28788e7,Tecnología,2024-10-25,124.6,6
69de4e67-eb4f-4510-8645-430dc3de1461,Limpieza,2024-03-08,184.23,9
c6c3f46c-4ff4-430d-b5ff-eeb62e155e42,Limpieza,2024-11-24,13.48,8
b5bc8a82-242e-4972-a85b-c59df693298f,Belleza,2024-03-13,96.32,1
b9ec384a-8dd9-44c8-8c81-d79d242d3717,Limpieza,2024-09-19,85.89,1
cb413b5d-cadd-4791-a124-b1471f93150d,Alimentos,2024-01-30,14.34,6
abc0e425-dce0-4983-aba9-210ea7794b37,Alimentos,2024-05-02,167.69,1
fa6bb5a7-5ae8-4e09-8892-00da4e6099ce,Tecnología,2024-06-19,110.93,5
c48dbd47-16fc-4d9d-95cb-1837966073e2,Tecnología,2024-12-06,75.78,6
5c9f302a-2ec0-452c-bcd2-5f604d7abc8e,Alimentos,2024-01-01,175.81,5
dbc54df3-eaf9-4d8f-aceb-120568b225f2,Limpieza,2024-01-20,115.62,3
65e91018-153d-4dcc-9fe8-17e30af58008,Electrodomésticos,2024-05-14,63.02,1
3e7116f2-0088-4184-8904-20a49b9b5094,Alimentos,2024-10-05,67.54,4
114de260-fb8a-4952-be74-e6703e22fcfa,Belleza,2024-08-06,116.8,2
6c62113b-a0d5-449e-b07c-f7d45e8a88c2,Ropa,2024-07-29,124.72,8
43c89c8f-4f1e-40cb-80bd-461d923a4ea7,Limpieza,2024-08-13,10.0,3
0848a337-e4c9-440e-a51f-6751c88af415,Alimentos,2024-08-27,86.59,2
e5e7bea0-9705-4aa6-bb5a-f42e721ec047,Ropa,2024-03-25,71.84,7
3f7eb558-5103-435a-88d8-af8c3d45efcb,Tecnología,2024-08-05,226.96,5
4e26dab7-2522-4f58-9afe-101faa01265f,Belleza,2024-02-02,51.75,6
f5403f3a-7cdc-4533-ba2e-265d60f7e208,Ropa,2024-10-27,134.3,2
1aa35b88-bd29-4f1b-90c3-5c72545d02be,Belleza,2024-01-21,180.53,3
0c7d922b-577b-4cc4-9e88-d70ef8dca56f,Limpieza,2024-10-15,163.7,4
cb2d8ec5-06ac-40f2-a02d-0fb65287acbe,Electrodomésticos,2024-10-02,175.12,7
4b8a3e25-e432-4491-a7f8-bcacc3668ea9,Limpieza,2024-06-27,103.7,3
8ee8cf7a-4727-44ec-a2c8-974cf0a34a93,Electrodomésticos,2024-11-27,99.26,4
0d140f1c-305b-451d-85c6-72f9f663d6e8,Tecnología,2024-10-18,139.82,2
96a5bf89-f997-48cb-8959-4c8b07505b8c,Belleza,2024-02-28,10.0,3
bcf092a8-2de6-4ba8-a4bf-21727f154a03,Electrodomésticos,2024-09-04,95.54,7
0589e6ef-14e8-4a57-bc5e-9a07eee940c0,Alimentos,2024-06-24,118.33,8
3a1d09f3-bf77-4704-abdb-8136a2e0cd2d,Ropa,2024-03-18,53.01,8
dae998df-de6e-4780-b04d-76949dd71356,Electrodomésticos,2024-08-08,96.87,2
e240b122-d526-4adf-bb9c-c422c2892de2,Tecnología,2024-05-21,147.76,3
28694f94-f3c7-4759-9459-4c65fe1fc97e,Alimentos,2024-06-15,74.84,6
71490df0-5707-45bb-8cc7-78c1dcb1f20b,Tecnología,2024-01-10,152.27,6
5647894a-9e20-43da-abc0-f5933a5d2db2,Electrodomésticos,2024-10-31,10.0,2
c05b67b2-3e24-4781-9f3b-4d37f8129657,Electrodomésticos,2024-09-09,125.65,9
070ff5b4-0cd9-41fb-b4b8-4dcaf2d23324,Limpieza,2024-01-05,125.73,8
bd7d2766-09f4-41c1-a00b-ec18e6721b1b,Belleza,2024-10-16,160.23,1
bac7eb81-2159-4446-9253-0589786fc536,Limpieza,2024-04-25,108.91,8
7180d54a-3abc-40ed-8603-bb2620cb2705,Belleza,2024-11-15,101.78,7
8b03988b-5974-4cc2-a216-002b0543f5c5,Belleza,2024-03-18,182.25,8
884c7706-1300-4390-8560-3b8e22098cde,Alimentos,2024-06-25,87.55,7
2bb7698f-9979-4708-9028-1a7c8912b8c4,Alimentos,2024-11-15,101.43,2
f74cd218-f3a8-4d34-8833-35f11c9c7fd3,Limpieza,2024-05-27,148.43,6
6a46e6ec-958a-437d-99a9-456b5e1019ff,Alimentos,2024-01-26,56.44,7
77a50b8c-aae5-4344-b6ba-cb3abba6b6b7,Tecnología,2024-03-29,88.66,7
9a2c0e30-8428-4d06-946f-3ed327fd2da0,Electrodomésticos,2024-10-29,21.97,4
1aa26e45-04f8-4bdf-88d6-6ee6d9a7c594,Electrodomésticos,2024-02-14,110.33,4
2a1c6193-aaa6-4497-8da6-f3e5db22000d,Limpieza,2024-01-20,99.6,4
1692d295-c710-457e-99f0-dcb8d3094c3d,Belleza,2024-06-04,174.0,2
4e8dc2c4-f363-4b80-abe9-ce1e8b7b1648,Electrodomésticos,2024-01-10,10.0,5
d0808863-0c66-44e1-87d6-e5047a3b628a,Belleza,2024-09-06,153.37,4
b158f522-fc0e-4917-ae51-b62b35abd9d4,Limpieza,2024-08-08,29.24,6
001a5af8-9f80-4b92-8424-abbf058a4c70,Tecnología,2024-04-10,129.77,9
c4aad9f8-9da4-44d8-a6ba-0ad6e162ca74,Electrodomésticos,2024-05-22,89.69,8
8fd69039-bbf2-4565-9f2b-d0ce567231cb,Electrodomésticos,2024-07-14,10.0,7
4e7e300c-9cf0-4067-bf05-b142f36158ea,Alimentos,2024-02-27,10.0,4
5c718f6f-5796-4ef0-9988-6595941d9dc3,Belleza,2024-08-30,134.23,2
6568b43e-a4c2-4e4d-971c-8527415e3cd0,Ropa,2024-06-21,71.16,8
94a7cf87-92c0-4f93-b945-efa1f7fa251e,Belleza,2024-12-09,137.77,3
45da8dcb-479d-440c-af36-af3c12652b18,Belleza,2024-02-28,104.97,8
2611d79e-7b04-46bc-987b-3a4877d913fb,Limpieza,2024-05-20,137.57,3
f5d7c8a2-d398-4188-8c61-99eb88723b3d,Tecnología,2024-09-25,66.87,6
3acfa71b-84b6-432e-bbef-936c97823083,Ropa,2024-10-12,128.53,3
30749a84-89a5-4477-9d11-671ab8679a9c,Ropa,2024-06-17,18.62,1
3393a6ea-4c4a-4bd9-b94a-fa58eb85f6aa,Limpieza,2024-04-18,102.4,6
04baa0f3-f8ad-4cfb-9104-fb98044042b2,Tecnología,2024-09-19,138.21,3
1a06384c-4e60-4a14-9f64-1b43e9069188,Electrodomésticos,2024-05-06,100.54,6
8a05aa14-923f-430f-a868-3af07138f695,Limpieza,2024-01-10,203.35,2
2428c6c3-8407-4b8a-ba10-10133a9a79ff,Tecnología,2024-01-24,10.0,8
a53ce52d-b056-402e-9cc7-c74aad53cedc,Limpieza,2024-03-17,219.49,3
fc2776e7-a314-412e-a202-8eb15ddc4d91,Belleza,2024-10-16,69.78,1
d8d631f4-edec-4bb2-ac55-fb98968f7f4e,Tecnología,2024-05-31,118.56,9
634061de-7c8a-4db3-a208-7fd04202224d,Limpieza,2024-08-15,69.8,3
aa49b041-e1ad-495a-a392-f8c06c15b2d9,Alimentos,2024-09-30,109.18,8
86c87628-3993-4068-837d-88ad00d798c5,Alimentos,2024-06-12,117.66,9
13d3ce9c-1f14-4161-96f3-4b65cfebc789,Tecnología,2024-04-24,75.62,5
2281cd43-55be-4ee1-8e54-e07bd44f9c9d,Tecnología,2024-02-16,78.37,5
751d3488-51e2-4aac-93ab-5268cc0abaeb,Alimentos,2024-09-22,114.49,4
25460500-6f1a-43dd-981e-2527f50ba170,Electrodomésticos,2024-06-18,203.77,9
13773f59-775b-4870-b710-233c1210d40e,Limpieza,2024-09-18,87.49,3
8714d93e-0bc7-4f33-b256-85926c28bf5b,Tecnología,2024-11-27,165.05,6
e6e9e824-32e9-44fe-b25b-4db92539494a,Electrodomésticos,2024-06-23,100.92,9
37f6d2c0-65b4-40c5-81f8-b6c43ba8a570,Electrodomésticos,2024-04-20,183.82,1
d8c2997d-50a6-41ee-974d-9cb43453a2c8,Limpieza,2024-01-17,144.62,3
1e9d215c-8a16-459c-b447-e523da58f208,Alimentos,2024-09-09,104.78,6
7d609176-f4f1-4040-b7cf-409567177e88,Belleza,2024-11-24,160.74,4
9ac9b802-c6b7-478c-9dc1-af9d8355958d,Tecnología,2024-11-04,55.96,1
a03f7508-8dae-4099-a999-adad9acb2454,Ropa,2024-10-03,123.98,6
d713d104-00a2-4bd8-ae9c-4ba4717e5516,Electrodomésticos,2024-11-16,179.15,1
fa57f249-8fcb-4447-940a-5134155f5865,Tecnología,2024-10-22,141.52,4
5772bb1d-7c8e-49ad-9cb6-524fade8fb11,Belleza,2024-11-30,57.2,2
cc21cd40-37ac-4b0a-a0bc-30b7a4c9f3cb,Limpieza,2024-02-17,182.1,6
ff62aeeb-e26b-476d-87bd-70dcc2041ac2,Belleza,2024-03-12,98.06,4
344ceb27-132c-4579-bb07-5ca96c446fac,Tecnología,2024-11-11,86.51,8
3a321abe-ff4d-43a1-a436-aea71b898ea7,Tecnología,2024-08-06,51.06,4
55e599d3-9d7f-41bb-8780-9c2503ca37ad,Ropa,2024-05-18,166.52,5
76237763-83ef-4b94-8923-9bba01628801,Ropa,2024-11-08,199.97,8
d7c662fa-3387-4e95-ae72-6d7c11f00193,Belleza,2024-01-18,79.65,8
d802cfe2-9547-4f98-9225-6311fc33f461,Belleza,2024-06-23,27.39,2
7cc9db8c-2ce0-4679-9781-38afc1c8d06f,Electrodomésticos,2024-08-29,143.39,4
0acc8c93-a3aa-4b07-a11c-3cca2a533a44,Ropa,2024-07-04,53.17,5
fb327e83-ef68-4ea9-ba26-b60997e7a578,Tecnología,2024-04-28,60.48,9
90e6f510-1983-4272-b0f3-f9b9f22d4eec,Belleza,2024-05-07,123.57,3
b342b952-a1e1-4c59-8e8b-c330e8192e67,Tecnología,2024-01-31,68.63,4
b6674146-56fa-4d63-b286-f2f4d9ecd7d7,Belleza,2024-02-18,75.23,7
88823bfd-34ac-433e-b113-e0eb8068c791,Electrodomésticos,2024-11-23,38.25,3
0cd7ec76-f26b-421e-8915-ef45dc08a6f0,Tecnología,2024-01-25,45.03,9
67817f92-8e8e-414b-93e5-95316fc18c1e,Tecnología,2024-07-02,153.55,5
e7feb582-a988-416f-b682-935079a88ffd,Limpieza,2024-12-07,70.86,9
23bf363f-08f6-4350-9eae-44fec8944081,Alimentos,2024-07-08,142.61,6
ade37aed-da10-464f-b674-67a189c6898c,Limpieza,2024-01-27,10.0,7
82fcf1bd-3e61-41ee-b921-d5fb65c3c5ff,Limpieza,2024-11-12,142.03,3
a917fb0d-9afd-43d0-b765-a496be460bb0,Belleza,2024-03-08,98.08,8
6eb9ad90-e483-45c1-b855-60068ee32f56,Electrodomésticos,2024-01-10,10.0,8
a9276b3e-6918-43a6-a524-6777c98e16cc,Electrodomésticos,2024-06-18,97.29,1
c02703c6-5a0e-4df4-a286-afc1d217c599,Tecnología,2024-01-10,192.45,2
d110c0bf-464d-4bb9-ad0b-de97532c18c0,Tecnología,2024-11-15,156.33,1
299d974b-c0fe-4abc-9270-83c550c2547e,Electrodomésticos,2024-10-04,60.04,8
4cb34428-2d19-490a-b4d0-2bf37aafacce,Electrodomésticos,2024-08-14,91.77,7
e586c699-d24d-41de-ab7e-e4596d654ec1,Electrodomésticos,2024-10-11,56.46,3
8581b64f-8a2b-4ec4-9e1c-0e9c5902ad88,Alimentos,2024-07-08,19.4,8
4e9be18e-f170-4431-a4b2-5d3de023c28b,Alimentos,2024-06-09,77.6,1
cd6ee1b7-b4a8-4da7-9e4f-8a50435f6e1f,Tecnología,2024-08-24,10.0,8
6548629f-313b-4af3-84f2-b5f25bcdb6b9,Alimentos,2024-11-23,169.43,1
90d5eed4-cc5e-4194-b8cf-c40f1bec45c6,Limpieza,2024-03-20,10.0,6
59aeaa9d-7698-4442-a5ca-aa7bcb31da02,Alimentos,2024-10-22,82.87,7
4ef29785-3972-41ca-a4b2-8caee800eee0,Alimentos,2024-09-11,81.43,3
59e31f7b-fad5-4fc0-b55f-f4e797290060,Belleza,2024-09-22,170.75,7
d523b0ae-ee5d-4ca4-81c7-6201054ed318,Ropa,2024-08-27,106.25,2
b2fee227-33a2-4d50-9777-453e4ea2dd4d,Tecnología,2024-11-10,161.11,3
a155926d-3057-4b06-a077-fa755d565797,Alimentos,2024-11-14,10.0,8
6429a3f6-385f-4165-8f22-ed4900e54860,Belleza,2024-02-21,140.63,3
5d945a50-14bf-4164-8ea0-28dcd57deb88,Electrodomésticos,2024-05-10,10.0,8
acdc9109-d53a-4438-a94f-e49a08e28800,Limpieza,2024-11-21,162.49,4
41832058-d73b-4437-b5b3-58206a7888bf,Ropa,2024-03-11,121.02,5
e58d4dad-5177-4820-8470-30446d11709e,Belleza,2024-06-19,67.14,2
3a191d17-5dd0-49fa-b0ee-b5b13f93d297,Limpieza,2024-03-31,53.13,7
8aa414f1-d483-401d-a6d6-04b357ee346c,Electrodomésticos,2024-09-25,116.31,2
8cfdf7f9-d774-44fd-ace9-021a13ca318d,Limpieza,2024-04-03,37.44,1
41ef482c-6f26-4c55-8fca-5126103a472d,Tecnología,2024-06-18,37.92,2
eb07be9a-f8d5-4b8e-91ae-add2b0b4e517,Alimentos,2024-02-03,59.18,7
ebf77633-239d-4371-84ba-6d18e109c823,Ropa,2024-06-13,76.22,9
e74832b2-dbe7-45e8-908e-7a845a2a42e9,Limpieza,2024-08-24,150.78,5
c5fb17fd-d3ea-4717-963a-facf831ebba6,Ropa,2024-04-13,82.25,8
df5cc467-6c07-49e0-9201-b40b3e8ac82d,Alimentos,2024-02-11,112.87,7
f6435227-49c4-42e8-ab6b-83ec2b130bc3,Electrodomésticos,2024-05-17,213.92,9
426e2b38-5489-464e-a92d-3efe0189e638,Limpieza,2024-06-29,10.0,9
96828bef-df8a-487d-b2f6-35cc9017827b,Electrodomésticos,2024-01-16,108.54,4
c62c6149-798c-4d19-9420-a11e940e917b,Limpieza,2024-01-30,90.8,2
13420266-8acf-4f14-a404-14149f0a019c,Tecnología,2024-04-25,109.79,6
cdfa404f-fc13-4b26-a15f-930ce444bcbb,Limpieza,2024-03-07,51.08,1
3cf22a03-1756-4b14-bad4-0f4cae5e553f,Tecnología,2024-10-02,151.46,7
8b71b8a2-05bc-4a52-a159-451ff74523f4,Tecnología,2024-08-24,123.63,6
770f885b-0e39-4b1f-8d1f-422a71cc6535,Tecnología,2024-01-21,55.06,8
2b60ff3f-ca2e-464e-80e2-fdafb42014f8,Limpieza,2024-02-03,54.52,9
45f43520-7329-4ecc-b73f-9c0ba96f062d,Tecnología,2024-06-23,10.0,2
01b144a4-2682-492a-a411-02ab3f3db710,Ropa,2024-07-20,36.02,6
bf89ed5d-5925-4e49-bb93-0d7eac421732,Alimentos,2024-02-12,88.75,4
a479c6c1-eac9-47fa-954b-a603ee696340,Electrodomésticos,2024-07-27,160.38,7
98e5c7e5-1094-4b15-8ede-9c4d2c5f373d,Alimentos,2024-09-27,93.62,8
04dc80ac-1bb5-4f2a-a8ba-c4978785d71e,Belleza,2024-01-10,127.76,6
62bb861b-26ab-47b9-ba97-c85cfc26f5ce,Tecnología,2024-04-17,12.26,4
b1b8e23b-8860-47bb-8606-f6d572d3b1ae,Alimentos,2024-11-27,93.81,3
b22e5dce-671f-496b-9849-b9fca8f9dbd7,Ropa,2024-05-09,99.73,2
d9c47a94-f5d0-4aee-8b89-a85d386dbddd,Electrodomésticos,2024-01-30,67.06,2
345e5438-75b7-4264-bd97-4595947d3d7e,Tecnología,2024-04-07,36.6,1
02eda93d-a0d8-4697-9626-c61941843e02,Electrodomésticos,2024-11-04,33.54,8
fd8a692d-2029-49e5-9a03-6aeb0924d715,Limpieza,2024-02-05,60.15,2
312f6ad2-1e52-4cf4-b690-1cf6027d55ac,Tecnología,2024-06-23,96.21,3
717ccdf5-8248-48da-8218-b6bbbd88b2de,Belleza,2024-04-27,149.29,1
97c287d8-3b86-4fc2-a451-b677e7631921,Tecnología,2024-09-15,70.28,1
7a4b7e57-d453-422f-a865-d4e12f9616f7,Limpieza,2024-08-06,110.88,8
ecb57f6f-9fde-4fcc-b5db-2e0c4c68374e,Alimentos,2024-10-11,197.29,8
e4c53396-f6f0-4fc9-bd85-386a3127881f,Tecnología,2024-05-06,140.24,6
ae1a144e-2df3-4e54-8fc7-7be87ed2323e,Electrodomésticos,2024-05-21,146.51,2
bbc054dd-2ebd-4938-86c2-f7b6d92a2264,Electrodomésticos,2024-01-26,167.74,9
695399f4-4376-4fac-b2ee-92855a15ac8e,Tecnología,2024-01-08,151.43,7
e234bd94-2e50-4950-b777-894583a1606c,Electrodomésticos,2024-03-11,113.58,7
6bae82c5-cafd-4352-a6d9-0b1d5df8da2d,Belleza,2024-02-17,36.16,5
c35d4c8e-b4ed-4c46-b94d-13109cc757c3,Electrodomésticos,2024-09-24,90.36,7
d1482120-f143-401a-a786-807ae21243f8,Tecnología,2024-04-24,92.3,2
cac1798e-36f6-4baa-9a91-87277b89d1a4,Belleza,2024-10-28,96.66,7
bb13ac4f-40aa-465a-a0b8-798d28c67f77,Electrodomésticos,2024-03-15,66.82,8
ffb32347-64bc-4242-9f06-e57bed94b148,Alimentos,2024-03-20,57.21,3
c5e9c049-a696-4b17-a932-444ece989714,Tecnología,2024-02-20,237.09,8
2f220ed1-9d67-4ec0-8c2c-dd21f4f082b0,Limpieza,2024-11-07,86.95,8
792011fc-7f4c-4eb8-b68a-9f24f4b9da9b,Electrodomésticos,2024-07-26,106.75,4
c0e90d32-2672-4f8c-883b-9356be0cdd75,Tecnología,2024-05-13,161.51,1
ba5c1bf2-299f-4a01-aa7e-1a7a33848da5,Tecnología,2024-07-11,141.8,2
7888364e-ad3e-469d-be5a-da45bb0247e5,Alimentos,2024-12-09,104.11,3
087166b2-f97b-404e-b7fa-ddcff731a794,Alimentos,2024-03-03,153.27,7
3f0d44a1-99df-4dc2-af89-860c34325368,Belleza,2024-06-06,161.16,5
78a66f42-5a3a-4322-acd5-df7c7a6d6a6f,Ropa,2024-10-21,65.83,9
f063adf0-de67-4bf3-997a-806a42b6eaee,Ropa,2024-08-26,15.91,5
b14bdf59-13f7-4780-8172-e48eb35bb551,Electrodomésticos,2024-07-05,12.07,1
922e3b58-3fc1-4fe7-8a23-b9aa3006d4af,Alimentos,2024-08-24,10.0,2
da64651d-5133-4c34-9495-088a2bd2e616,Ropa,2024-10-05,85.01,2
f5fecec2-2e06-4c15-8525-f97defc85b24,Belleza,2024-02-04,20.43,5
f74db161-bf89-427b-9073-3da40e0880d3,Belleza,2024-06-28,131.83,9
448bbdac-9727-4df0-a72e-c31a6d36d7f1,Electrodomésticos,2024-01-01,52.33,5
a505a85b-a5e5-4506-a38a-d5fa404e39f6,Tecnología,2024-04-05,86.24,5
2dfa4ef2-77dc-4a20-8a15-b6c7727b2e85,Alimentos,2024-08-09,113.7,8
a27696f4-2aa2-4fb8-b7f6-4cac43616319,Alimentos,2024-11-13,102.52,2
d4111b36-7fc4-41d6-9214-8d5b963b2f8d,Electrodomésticos,2024-01-16,95.15,8
fa37c607-726f-41b0-83bc-4b5feac474c0,Ropa,2024-07-21,102.72,6
208a3196-8909-4500-bae5-03e951f8181d,Tecnología,2024-12-08,93.59,9
34098f6e-707a-4890-909e-5a92d6a7b2f1,Electrodomésticos,2024-04-21,74.94,3
de8270a3-c9f3-4480-b5d3-5320d96ad468,Belleza,2024-07-14,125.76,7
7ec9c3cd-a46a-4f28-90be-e97e1f6a9111,Electrodomésticos,2024-05-21,159.71,9
f423aaf2-b5b8-4d3a-a690-27d419370f97,Alimentos,2024-10-15,131.57,3
897a5d52-f36e-4542-a158-c97607ee8936,Limpieza,2024-05-17,222.69,2
4a58a160-d9ee-4ace-9cb2-c559669be8a1,Belleza,2024-01-09,211.78,9
43ce1b66-69c5-487c-9a46-7585826ea439,Electrodomésticos,2024-01-17,66.7,4
c8322b78-7c76-439d-97bb-cf723f3a4ea9,Belleza,2024-01-25,93.35,8
02330594-155c-4150-bf13-52dea8aa01ab,Alimentos,2024-01-16,156.28,9
fd16c000-b4d9-4b38-9e87-b1d03f4c9ccb,Alimentos,2024-04-30,127.17,5
b0e90329-662b-402b-95cf-fee588161c2e,Alimentos,2024-03-01,154.18,2
de8d1d8e-f892-4c30-ae06-1e6277b0db01,Ropa,2024-12-05,31.03,5
80558f97-77e7-40ed-aeb2-073be21966a2,Limpieza,2024-07-16,63.45,2
7714ac73-7223-4bfb-88b3-22c976494126,Belleza,2024-12-01,145.37,3
ff72d907-34d7-44ec-8be9-8fb91954ee41,Limpieza,2024-11-04,101.79,8
8f232b18-809a-46c8-a21f-e267ff2da584,Alimentos,2024-07-22,120.47,8
04c2c988-f3a9-459b-9e55-31fd9e565cd2,Alimentos,2024-06-30,131.9,8
8f3f1544-3203-4d02-9b42-abb7b373b2fa,Ropa,2024-02-23,141.02,9
bca63b23-d606-4f2b-979d-2c040f55d2c2,Tecnología,2024-01-17,125.36,4
81ad64ad-685e-4ee5-b1c0-770314d8f334,Alimentos,2024-07-14,67.54,9
30efc21d-a12d-411f-a609-d643fa5fa5bc,Alimentos,2024-05-25,124.03,7
bb883cf6-bdd6-4f20-8159-b06ad19a7235,Limpieza,2024-08-07,81.48,7
ec584b0b-318a-4bc2-ae93-f300b7c93e78,Limpieza,2024-08-14,58.32,4
06f943c1-3e99-4aa8-a774-bb8b378bd197,Limpieza,2024-02-18,101.44,7
1f817f5c-8be5-4b26-bbb0-ac0d02bdf38e,Limpieza,2024-05-27,163.92,1
e42e4e63-4b9c-4321-89c2-7c327b096e0a,Electrodomésticos,2024-06-14,32.01,8
7995b0c0-80d5-4654-a2b9-5d03565f9399,Tecnología,2024-04-28,137.31,3
af64be30-6049-4665-b40b-e2dc86c63d87,Belleza,2024-10-16,159.32,5
3b4c6499-4878-4384-8987-a17a3d6852a6,Tecnología,2024-01-08,88.18,6
4a5a3f8f-9301-4130-9d2d-409cd188fcf2,Ropa,2024-01-30,125.93,4
6789c561-b009-4deb-ac8b-54b06c8d7f40,Alimentos,2024-05-13,68.76,1
504c2677-4793-4821-8e4d-49488b8ceac1,Ropa,2024-06-30,106.65,1
1c8ff819-2d6f-4d15-a67b-2fdcb4a35787,Belleza,2024-01-13,64.99,8
fd7cb52e-89ae-41d3-874f-e53488d865a5,Alimentos,2024-03-31,70.67,3
bde76918-ff1a-49a6-963a-a10676b8d597,Ropa,2024-11-17,195.54,7
7f53400a-be8d-4c89-bc93-3df30587c96f,Tecnología,2024-04-03,178.28,7
bad59be4-0e67-40ed-9326-d086a66a09f7,Limpieza,2024-02-20,96.71,2
ddbd157b-279c-477f-95c3-28d83a40170f,Belleza,2024-09-20,133.91,3
e0f431ae-3576-42b4-bc70-668fdd70a524,Tecnología,2024-01-11,97.6,9
1c2fec02-848c-47c3-b0e4-7284f5f28767,Tecnología,2024-01-25,48.94,2
0b79b229-50b0-4ef9-9519-9bb7c5671452,Belleza,2024-01-05,135.42,4
7953474a-0113-49c9-ae33-7274d1415677,Belleza,2024-04-19,121.54,5
ba14acb2-3136-4c4b-9c01-372d05f0def5,Alimentos,2024-09-21,112.17,4
23a73355-4ae5-406c-b24c-31f8d31b077a,Belleza,2024-09-22,82.82,1
89b0eb30-7a49-4e1d-8aed-3aba9e11b17a,Limpieza,2024-08-03,177.46,6
2dc15c92-f955-4ab1-87b5-d9bc0bb81949,Limpieza,2024-07-14,37.42,8
cf22aa92-fa3d-4bdc-9b32-3a81608d49a1,Ropa,2024-05-28,172.19,9
80c24d61-670a-43d6-809b-ee286de6a19a,Electrodomésticos,2024-02-26,181.33,7
918c5d99-8506-4515-bb95-841fb1de9316,Alimentos,2024-11-03,10.0,5
fd565516-56e7-4993-8ada-f5f821a61e4a,Ropa,2024-03-06,181.91,4
99128ee6-5279-42fb-8280-a6b1924fdb3b,Ropa,2024-03-07,175.05,9
475c38b1-440a-46d8-b9ed-54ccf010677d,Belleza,2024-04-26,71.31,6
496124aa-a913-42d4-8950-85ddde29ab9c,Belleza,2024-01-06,76.78,5
df5d719c-f848-4e7b-8f92-177d9b27efbb,Tecnología,2024-09-24,27.33,1
a59930b5-ebde-4e07-901e-707fd4b93a28,Tecnología,2024-06-21,198.27,2
68464ba0-4a2a-4405-9b3b-c75d33462558,Belleza,2024-06-21,77.38,6
d9eb88df-81b5-4c4b-8566-2719ef74da9f,Alimentos,2024-09-21,10.0,9
60d1f519-e193-4b7c-81aa-af520daec55c,Electrodomésticos,2024-01-31,146.99,9
3946c5b8-31d4-471e-aeb8-87bf5dc271e9,Electrodomésticos,2024-04-15,142.3,9
bef08e96-6555-4b70-9618-85a00ce41426,Belleza,2024-03-10,99.82,6
a873e3f3-8934-4350-a10b-34eba7c6e6a9,Ropa,2024-10-05,42.08,4
1e87d687-9fa0-45a7-9d9c-501b6f2a54a9,Electrodomésticos,2024-02-27,88.95,1
7448c7a7-cb4e-4334-9c48-6be0c43068ad,Limpieza,2024-08-18,101.34,1
cb0e3039-a479-4623-be72-0208f3451595,Electrodomésticos,2024-09-09,76.44,7
3aafc622-2f9c-4960-b6e0-0fd1bee581af,Limpieza,2024-02-15,153.76,6
2bf232bd-8a85-418a-8c0d-9de4b836f74d,Limpieza,2024-07-26,149.44,2
4390e559-a9f2-4d05-b9b0-583ea86c02db,Limpieza,2024-11-01,131.17,7
2bb75cf8-2063-4562-9027-97234c69ea90,Ropa,2024-06-01,113.78,3
57503128-5c3e-46e3-9962-25c6be4bb71d,Alimentos,2024-10-01,60.07,6
24ec0781-04b8-42dd-96fa-39a68de5d3ec,Electrodomésticos,2024-10-03,190.6,8
e0c1f626-51f9-4876-b629-6216dcb01b66,Limpieza,2024-11-18,117.9,4
864dc2ab-fea9-4ad0-bea3-f7a45c70413a,Belleza,2024-03-30,83.23,4
c26cb511-24e7-4791-8d86-9bcf01720839,Ropa,2024-10-11,220.67,6
69184a5e-cae0-48cb-9dc0-3729587e700f,Limpieza,2024-01-08,94.96,9
ca27dd54-6166-415e-8301-90f671cc1825,Ropa,2024-06-27,174.93,2
e3c71f61-0fda-4f92-88aa-aa28e9cd15f0,Belleza,2024-07-30,186.61,9
f4b8845c-ea24-4d21-884b-946fef68c446,Tecnología,2024-11-26,153.75,3
9d182254-44c8-47d8-8ba1-46cfd6c88d87,Limpieza,2024-10-12,82.33,8
b0ab7e55-e4da-4680-af43-96148d72bfeb,Tecnología,2024-10-29,10.0,7
0d82638c-2339-4ca9-9d87-0860b8e84e57,Tecnología,2024-09-17,98.78,2
cd1c502d-c067-4392-b407-a4149715df0c,Belleza,2024-05-31,207.11,2
b226621b-9ebd-4d17-8240-e18e879741a7,Alimentos,2024-11-20,101.9,3
298f4941-68ed-4a7c-871d-b9630abb0e23,Alimentos,2024-02-22,106.0,6
07bfe09b-d4a7-44c5-9657-1e982cf6f50f,Electrodomésticos,2024-04-05,83.17,5
0fe8625c-1e4e-4d13-9607-cf54ddc9a96e,Limpieza,2024-03-29,117.59,8
a7cff5f5-18d6-4d80-a2b1-1821f173f351,Ropa,2024-09-04,169.22,4
ffd12a9e-2695-4796-9193-ab09d6d202c4,Ropa,2024-10-11,137.87,8
ef01d21f-348c-4108-95e1-796be49ed044,Limpieza,2024-11-28,111.22,4
1ece1944-167e-49d4-a1ef-a2db7cb77447,Limpieza,2024-10-27,152.35,5
d051f3fc-6147-4cc9-bbb1-b9d8b6c47aff,Limpieza,2024-11-13,153.93,2
1561a39c-87b8-4747-873a-1fa800f085ea,Ropa,2024-03-14,98.07,6
c572768d-d240-4477-8692-4a582b88bdf3,Limpieza,2024-07-25,36.14,2
3a602ec7-6801-4fa8-a7ef-1f4a1e9886ee,Tecnología,2024-05-29,22.56,1
6fea10f0-d438-4756-8817-d7a3ddb22a1c,Alimentos,2024-08-09,76.18,7
5f071529-9fc1-4f70-a78d-f63947ae6d90,Limpieza,2024-03-10,169.42,2
1ce96545-a989-4a22-b7eb-e2d561413d0c,Tecnología,2024-04-02,98.72,6
d82eae00-b45e-4271-a2ee-2fe695cec951,Ropa,2024-08-08,158.64,8
3ba970be-9e18-46eb-955f-48c6bc6189eb,Electrodomésticos,2024-09-26,65.71,1
77b9f039-9cf8-49bd-8ee7-45d5c3790e84,Alimentos,2024-02-02,113.78,9
0e9791ea-e823-4f77-aa22-f0e91460709d,Electrodomésticos,2024-04-24,152.35,5
0bfeb0e6-1154-4587-867e-7027efc1c1d1,Electrodomésticos,2024-05-25,85.24,8
4b380e73-f28b-4219-8d81-c831771f48ed,Ropa,2024-03-03,22.21,3
271fff0c-860c-4f6f-871d-8be134905e93,Belleza,2024-04-22,86.38,9
d49afcbd-3098-43c8-ada8-fd19d9926c3f,Electrodomésticos,2024-07-08,209.49,1
0df1afd6-2900-4031-b4f9-406f55b676ea,Electrodomésticos,2024-03-15,37.0,6
69f28d60-d1ae-4aa2-b715-1f4a2b3e5600,Ropa,2024-02-01,170.23,5
db69f4ac-0b22-4f37-afde-868992892a88,Ropa,2024-02-01,19.72,5
ea0e3bbf-fdd3-49f7-b1df-41b5f2531e08,Electrodomésticos,2024-03-01,119.1,6
cce10812-5aae-4ab8-9f4c-cf4d086a7a5d,Ropa,2024-11-13,121.5,4
2d9762d1-f8f6-45ab-bc20-44d21c2dc86d,Limpieza,2024-03-18,38.13,5
2b2a168d-1921-47cd-b5ed-b344718f72cb,Tecnología,2024-09-30,131.46,5
3592d0d0-410f-47a9-8214-2ca6fff49218,Electrodomésticos,2024-02-07,70.56,4
050fe34c-e058-485b-a050-24b3a8096649,Tecnología,2024-07-12,100.46,2
039fad7e-3510-4c06-a511-8ec4356a0df5,Alimentos,2024-05-03,145.82,8
ac137448-1fd7-442f-a56f-dc5374f42612,Alimentos,2024-04-15,117.32,2
be2df743-cac0-4e83-a0e6-89d8c451ab82,Ropa,2024-07-27,46.72,4
e60e7ea8-420e-43e6-9c76-94f1759c910f,Limpieza,2024-12-04,104.59,7
909742be-b0df-4087-b2b9-da9f5e27074c,Limpieza,2024-07-20,130.0,6
5733fda4-0fc6-4606-a0f2-72c03f2a464a,Tecnología,2024-11-10,59.5,6
8622ec34-cb51-44e7-b5a1-aa6e2ca347aa,Limpieza,2024-08-27,94.86,2
ef5076d4-077a-4c1b-9430-5d7af98bb0a9,Electrodomésticos,2024-04-28,98.66,8
32afad12-8e5e-401c-ba63-602af7ee30d2,Electrodomésticos,2024-07-05,155.28,3
74350ae3-d1ac-400c-a313-4f7b22a6a5b6,Belleza,2024-02-02,159.35,5
e2195203-ffc2-4452-9c1f-623fd5b5f11a,Tecnología,2024-07-13,10.0,2
3fc42b49-1ca2-435d-9cd9-cbf36aa55878,Limpieza,2024-10-01,147.17,6
019c8dfc-efbe-43ef-ae96-fc033f3d6e70,Electrodomésticos,2024-10-27,83.27,9
79aa8258-9e7f-403e-abd2-8aa8729b2898,Alimentos,2024-10-28,110.31,4
ca0564f5-70fe-4158-a960-13aba174e4b9,Limpieza,2024-05-12,15.76,6
45cf4c66-97a3-4bea-9e7c-7ad13b56c024,Alimentos,2024-02-23,53.31,6
fa9cfa69-456a-4a81-9e80-e6cf0d9a3ddc,Limpieza,2024-04-07,136.07,3
63687064-beb1-40fa-b0d2-28f70c88576e,Tecnología,2024-11-26,131.77,1
4e8e8b19-5b3d-4abd-b208-1e3d758b69b7,Belleza,2024-04-28,91.35,1
526b5bfa-3d98-4d72-9bc8-951ba6690008,Ropa,2024-04-12,100.78,7
b9b8b2aa-1278-4547-8646-6c3dacacb758,Tecnología,2024-09-13,143.74,1
63aaa70c-87c3-4225-84cd-b0c88233f5e8,Electrodomésticos,2024-03-28,10.0,1
c05d6faa-9234-4935-97fc-e2318c6303a4,Alimentos,2024-08-13,182.1,2
291d4e7f-fab7-4d84-a836-f2c212f793f8,Belleza,2024-01-29,150.49,9
7807550c-75d4-43e9-896f-0ad23426f8c9,Alimentos,2024-01-29,131.12,2
0bf4b815-77e2-4433-86bc-e85efc48005f,Belleza,2024-01-26,102.92,5
b2d0eae3-478e-49f4-afd7-16478478b873,Tecnología,2024-07-15,42.16,2
ebdf899a-ed45-49bb-b8d2-fc84447279e6,Tecnología,2024-11-10,23.36,4
bfde108f-082b-44e5-bb26-96702906d4e0,Alimentos,2024-11-29,134.0,2
8bf94cc5-0de7-4f83-8ef0-1e8be72da90c,Ropa,2024-11-23,128.77,5
14be360b-f199-49c2-81a9-2b296878fbc3,Alimentos,2024-03-24,87.37,3
c414a3c7-7635-4479-b2b1-6b37967d1149,Ropa,2024-11-04,119.6,5
8d608c90-c0e9-4c31-97ea-4709bbf34fe2,Tecnología,2024-07-03,62.3,4
7d883683-18bc-433b-ac9c-c7ad35bde0fd,Tecnología,2024-07-19,85.97,4
8d4bad1b-d915-4faa-a64e-0f4c062cd0e1,Belleza,2024-10-05,148.55,3
f9a17c08-8de8-4ba6-bd93-33e300f72230,Limpieza,2024-07-08,69.13,4
9537b0c3-aa13-41b6-a4e2-6e7c91330289,Belleza,2024-04-21,50.52,4
6c6e52e2-0c75-4892-951e-9769575aface,Limpieza,2024-02-22,147.04,9
842b66fd-d177-4144-840d-a37eb08a087f,Belleza,2024-01-08,127.5,7
3cb19dab-358d-48a8-b22e-8863846b6295,Tecnología,2024-09-25,51.58,7
70f52b61-10cb-4e7a-bc6f-12e45d950d78,Electrodomésticos,2024-07-30,20.35,4
bdc8b00d-3b6a-42a5-af35-1e1fffc5678d,Ropa,2024-03-07,122.02,4
ec7504ab-32e1-4b0d-91eb-8e626e254516,Belleza,2024-07-09,111.2,8
09f7e2fe-2a0c-4537-bd72-e867efdaa604,Tecnología,2024-04-24,168.21,7
d751156e-efae-481a-8cb3-3ca598a92b38,Belleza,2024-10-26,102.44,9
97310846-0939-49ae-aaed-5067f0f261c0,Limpieza,2024-08-14,102.03,9
fbba8398-278a-477e-8baf-5bd01e21d343,Limpieza,2024-04-15,76.85,8
72d37ce2-db9b-4770-8a98-31effd639f99,Electrodomésticos,2024-07-20,45.93,5
d27dc75a-2f53-44ec-83c7-d9e34943a32b,Ropa,2024-06-14,140.15,7
f4af2774-3fbb-418c-814f-f3abbfca1d33,Limpieza,2024-01-10,71.98,9
03c53927-934f-419b-899e-eac01879fb15,Limpieza,2024-10-26,71.61,7
c0bd0ca9-3b7d-4bc1-9178-f061d4df2f1b,Limpieza,2024-07-11,121.61,5
678890a3-e028-4287-bbb8-528dd791eb1d,Electrodomésticos,2024-08-13,131.69,7
914c2d4e-3e94-4d97-b875-c36aa5ad83e9,Tecnología,2024-06-10,120.69,1
3b3d19c9-3a25-4433-85c1-e6f65d84b25c,Belleza,2024-05-08,102.19,7
ad63f799-9f4d-4866-9904-80b08f1b6e25,Alimentos,2024-09-15,92.65,9
6a326bdf-e245-4e8f-b65b-64ea53ed038d,Belleza,2024-07-06,72.65,9
9dd28868-5f33-438f-957f-dbe7c9085624,Limpieza,2024-03-22,108.18,3
e8770ef2-869a-4dd1-8e4a-b290e3a95bb6,Tecnología,2024-07-08,69.11,7
e8058821-b402-44f5-b7e6-e98c78c4c1cb,Electrodomésticos,2024-06-05,194.82,1
1a7f7516-d678-499c-8d4e-deddd5a52a97,Alimentos,2024-04-21,115.13,7
ea4cc926-d32b-4283-8bab-38e9178e20fa,Tecnología,2024-06-26,73.29,4
28138458-546d-422b-a2b7-d956f90548f3,Tecnología,2024-09-12,44.96,9
788ebdf0-7154-48a7-ae37-27e67415ab83,Ropa,2024-01-21,64.44,1
da3b569a-91ac-49c9-ad5e-2f263b2ae5a3,Ropa,2024-04-04,111.69,6
274ffdae-614d-4b25-9578-fab8501c5eaa,Limpieza,2024-09-18,22.21,3
6644b089-68bf-400c-b007-4ff9b74e5ce0,Belleza,2024-02-09,87.67,6
1d4f7333-b5ce-4782-8767-28fdb03f19fa,Belleza,2024-06-12,23.1,2
53e0d12d-8f8d-4671-bb99-de7a5b323cbb,Ropa,2024-01-31,134.75,2
685e5ed1-e450-46de-a665-679ac05248b5,Belleza,2024-04-16,197.33,4
7ac226ce-e889-4204-9593-563a85abc4f3,Belleza,2024-04-27,127.92,9
eb413230-e7a1-4807-b305-3d26fe332642,Limpieza,2024-12-07,103.8,9
f17b78a1-ece2-4d2d-8b09-64ca07c61c1f,Ropa,2024-11-07,165.7,4
6d059827-0377-4157-9c91-522933b61ae1,Alimentos,2024-05-10,39.27,7
dd5c8534-d484-4dd5-800b-e7f70b236709,Ropa,2024-02-14,143.27,1
09e2185e-18a8-4562-95ac-e2baf63a3903,Electrodomésticos,2024-08-16,138.2,5
a677ee4e-0532-4b51-a5eb-7b7746e71a6e,Ropa,2024-02-17,62.54,7
ed5af11d-9b28-4426-8f5a-d0e2aa2cf10c,Electrodomésticos,2024-03-28,111.27,5
df4f8863-2dbb-4490-b007-42f9e87309f1,Ropa,2024-08-02,135.41,4
6054e43e-73e0-4c7e-831f-d6e31c70539b,Electrodomésticos,2024-05-15,147.84,7
6717281c-86b6-4fbd-aa9c-8570e4d45b1a,Limpieza,2024-04-30,42.16,2
7e3f71a7-143c-4852-aef4-79dee827d250,Alimentos,2024-03-15,23.11,9
e79d8796-fe33-4761-9714-fc1ef352976c,Electrodomésticos,2024-10-18,165.5,7
fcc7fddb-516a-4e25-a7af-e54b1f1782d0,Limpieza,2024-08-22,101.96,4
2b1fdb9b-64ff-4c8a-a2ad-14a828aa79c3,Limpieza,2024-06-02,141.82,6
6e0492d5-8f60-4219-ab5b-bee0cb4bd0aa,Ropa,2024-06-10,101.56,5
c11ec29c-40cc-4cb9-9264-567c23f1993d,Ropa,2024-11-23,104.09,3
42bdbd04-62d0-4da9-b39f-78c9aa42e389,Belleza,2024-05-02,95.06,8
0bfa939a-d482-4cd5-bccd-53a06bdc4560,Limpieza,2024-06-23,113.37,7
8abe6b1f-9387-49c4-a156-20829272bc28,Ropa,2024-07-07,116.08,9
d2516903-6b9e-44e2-812a-ad6157030133,Tecnología,2024-11-12,135.61,2
cef67e2e-aca2-4521-a34a-4f64e75e5a5e,Electrodomésticos,2024-03-25,106.01,6
616c88af-d863-4ae9-aa0d-d1873a8c5624,Electrodomésticos,2024-03-01,98.75,6
c8c13592-5019-4a7c-acbf-cf85db31644e,Belleza,2024-03-11,140.89,4
5600718d-2096-4985-878e-c57a04266638,Alimentos,2024-09-16,60.02,5
58adaaf1-e639-43fd-beec-c51e805b5add,Limpieza,2024-07-25,117.58,4
c8b8ab57-bc3a-4a9e-9c5d-ce60834ad2b0,Electrodomésticos,2024-04-24,94.6,4
d82f60d0-c35f-424c-a3bf-6d9780b4383e,Limpieza,2024-07-08,96.56,6
f5f604b7-e679-4a39-a5e3-d47a7ca52830,Tecnología,2024-09-19,102.45,7
c1ff4688-eeba-4efe-82da-f669f4dc63cb,Alimentos,2024-08-18,88.46,3
8033e380-2f75-4ae7-ac0c-2d43a2f4c509,Tecnología,2024-05-02,89.33,2
e0b743d6-53b0-4c04-8e5e-5260ba046bb1,Belleza,2024-02-11,174.54,2
c8991456-44b6-4e0e-a612-3169a22c27da,Tecnología,2024-04-30,25.21,7
0a81a453-0873-4349-9a66-308b78822991,Alimentos,2024-06-16,144.11,9
0477706c-9771-4a02-80ec-8ba75137b48a,Alimentos,2024-03-04,61.51,1
664e7f55-f76a-4ef0-8a3a-2df35c621a00,Ropa,2024-03-06,71.98,4
c9593b87-e5c1-47e9-8cf8-dd118ea7caec,Electrodomésticos,2024-07-20,63.36,4
5409d5e6-719b-44df-9366-d5fa279f657a,Ropa,2024-03-22,64.92,6
0807c4c6-6cca-4f94-b03d-faacbbc2a4c9,Limpieza,2024-11-14,31.66,7
7a261f69-0f5f-4436-9bf3-5e24cfa01f20,Alimentos,2024-02-04,88.76,6
d4823b18-a38a-4db9-b862-997ca5425fc3,Belleza,2024-08-24,79.69,5
4360fe08-45c9-426e-854e-91042760d788,Belleza,2024-04-27,41.88,7
7405c775-c8a7-47b8-acaa-598d2f3ed4fc,Limpieza,2024-01-21,88.37,6
4bbdc6ae-46ab-448e-bc15-68fdf6676ea4,Tecnología,2024-10-30,47.68,7
12ca27f3-5f10-453e-8a54-3a3afe6001c6,Limpieza,2024-11-03,122.88,5
19db15be-5535-40ec-af98-deae236538e5,Limpieza,2024-06-23,40.32,2
0c94a1b6-b468-43b8-9795-93de3366c60f,Tecnología,2024-05-05,99.23,3
5501eda7-1063-4a6f-b1a6-71d3d70ce4b2,Electrodomésticos,2024-11-04,128.96,5
e5e1bed8-07f4-411c-9bff-2a5b2fbdc726,Ropa,2024-06-01,65.65,4
85512dae-b8e3-4c77-aa7c-11f1ef9b36e9,Limpieza,2024-04-29,77.09,4
8f7c8f27-a254-4979-bfa1-37e56a2cfc4f,Ropa,2024-08-29,154.58,4
7ee3018a-53f3-4942-88dd-dc3ee20a4068,Tecnología,2024-09-26,126.65,6
540d9be3-6770-420d-aea5-5f81490cd735,Limpieza,2024-06-27,114.24,9
ef1ba6f2-698b-4724-8a75-7df5ae8f3ccd,Electrodomésticos,2024-03-28,110.35,8
e747e0ff-f880-4d93-be6d-b224107a46e1,Electrodomésticos,2024-01-23,90.11,2
2d6c581a-9add-416f-868d-e90c46dde9c3,Limpieza,2024-07-10,81.01,8
f88c5143-b95a-409c-a6b5-b804c1b24b80,Tecnología,2024-11-19,99.08,8
92de07b5-7d3e-419d-af5e-7bf5b85e0a19,Alimentos,2024-04-25,165.59,6
4761dfb3-0949-4988-b813-f7eecd3236e2,Electrodomésticos,2024-02-20,67.98,8
ddd29035-9b5d-4543-8293-3e2ef9e2db47,Tecnología,2024-03-04,108.42,3
631f08d1-df04-4968-91b9-db3f5ad402a4,Tecnología,2024-08-24,104.43,5
9a2c44a8-2287-4a35-b836-110bed535119,Tecnología,2024-04-19,186.11,8
50229cb6-0679-4515-b54f-b458d9fde089,Electrodomésticos,2024-09-24,139.65,3
f6801b2b-b231-4e0b-8833-3e981585f3e1,Alimentos,2024-04-29,161.39,8
8e3579e2-92c9-4908-b426-c9fabb5d9a78,Electrodomésticos,2024-09-04,32.64,4
e83c460d-a4ee-495d-b356-4185ec81f1b5,Alimentos,2024-03-02,51.42,7
2274d256-5216-4dbb-af5a-0b68c3892073,Alimentos,2024-05-14,77.43,5
2ae6ea40-882b-4468-9754-3070e68f9f36,Tecnología,2024-03-30,78.2,6
2d061c4f-c7d5-4c41-8298-9ba930466c3d,Limpieza,2024-02-02,130.36,2
3775cb38-ae7c-4e58-aa4d-b7b0f40f8e18,Limpieza,2024-01-15,165.56,3
8aa327e5-853a-47c9-a12b-c6b73414c5c9,Electrodomésticos,2024-11-16,56.93,9
6718b30e-107d-4006-9713-4fd2bc4118a6,Electrodomésticos,2024-04-17,55.98,9
6424ab69-301a-42fa-bb03-14d6460735a3,Limpieza,2024-07-25,148.11,5
7db44807-c4d4-4199-a32f-27d43db85f54,Ropa,2024-07-29,97.36,8
037b4168-7d1d-4b99-8ac0-85d8041a5ff2,Limpieza,2024-10-04,172.78,2
6eb7aa02-0cc4-4cda-8960-03f5b5966e16,Alimentos,2024-06-06,189.96,1
b69b41aa-6f9a-47cd-a766-f98f9c074852,Limpieza,2024-04-01,70.26,9
13e7775c-6411-4f2b-ab91-797072aa0d5c,Limpieza,2024-05-30,35.94,6
53e1e98f-ba0f-4f8f-a5b7-4927bed24743,Ropa,2024-01-19,75.81,3
aac58c94-c96c-4dd0-b4a0-99c5ef2e878e,Belleza,2024-08-01,83.43,1
89ac2afc-6699-4435-816b-1ba897ee3f9a,Tecnología,2024-10-21,143.02,7
2bb73aee-6cc0-4a3d-a24b-a7258c3d5826,Electrodomésticos,2024-02-04,70.85,9
c44c583f-7697-4055-91e3-a24955b891cc,Limpieza,2024-10-22,37.93,8
03e4175e-b959-4a96-886d-827bd8f4ba7c,Belleza,2024-11-14,130.28,8
0af23791-4898-42f9-8a9c-959fbc93cdcb,Belleza,2024-02-01,133.14,6
9a06c8e4-2e60-43b3-8847-332af7f92c4c,Belleza,2024-11-02,158.67,9
33d46380-c16e-4a02-a5e8-f58762bfbbcd,Belleza,2024-05-18,186.49,2
2e57da8a-0cbf-4ddf-92cd-77f7e0ebf98c,Tecnología,2024-11-03,115.01,5
e0326834-3d73-428e-995b-4a1f4968b815,Ropa,2024-09-30,73.57,3
7b34eab2-042a-4311-aecd-9c9edb4b6d2f,Ropa,2024-01-24,129.32,6
edc2b68d-280a-49e7-8f4f-e9f3f133d1bf,Alimentos,2024-07-05,140.17,3
a733523c-1f1d-4e35-b27c-c08c3b84134f,Belleza,2024-08-01,142.61,3
7701fc1f-f3a7-4216-995d-e17907e192b8,Tecnología,2024-07-03,108.13,9
b419308f-3c4f-4a94-b797-f7dcd9b74d2e,Tecnología,2024-02-01,57.18,8
c2f07660-cc59-4e07-88f6-e3eb0f7824fa,Limpieza,2024-11-14,166.34,5
047eebe1-20a3-4873-85b6-6c4f3e0dbd19,Alimentos,2024-11-21,112.35,1
5f395aa8-13fd-4b60-abd0-535fb9068f3b,Ropa,2024-07-23,89.55,2
6dcb4c91-d98b-42eb-9d6d-c67054611095,Alimentos,2024-12-04,57.47,9
f82e68d1-d77b-4fc2-b6df-a93a7ecefc54,Limpieza,2024-08-17,137.96,2
098001c5-fb78-41c5-83fe-8869228eec77,Electrodomésticos,2024-02-22,129.19,9
58805483-7ac2-4d6a-a702-1fc7876b2159,Ropa,2024-01-01,159.84,6
63f70d23-832d-4d77-8dd6-af94b7dea77f,Ropa,2024-01-16,104.15,1
70ad03e7-21fb-481c-9630-2c00438c1207,Belleza,2024-01-17,27.51,3
0014c5e4-21fd-4f0c-81c7-6a8d69aa2636,Belleza,2024-03-13,44.68,8
e1d57651-d380-4f88-9e61-ca0282220079,Alimentos,2024-04-25,186.35,8
ce85dbc1-deef-4fb8-b113-7e3dea75e457,Belleza,2024-10-24,80.02,3
00c2a3f6-7784-4abf-bebd-337e252215bd,Limpieza,2024-03-09,29.08,8
dca412d0-a956-4c79-8118-c2f2bc245313,Tecnología,2024-10-10,11.96,6
bae05f64-7e6d-4b3d-8b6c-6f08bc95b04c,Belleza,2024-03-15,158.33,4
a4270dc1-440f-488f-98c7-de2aa517bce5,Electrodomésticos,2024-04-24,71.35,7
6fa5e4e3-818d-49c1-89c4-641e7e051246,Ropa,2024-07-07,189.61,5
d986427c-4433-4d21-9fa5-406ccb9a57ab,Limpieza,2024-03-12,104.06,7
de1119b5-2a93-40eb-bb56-72341f449d28,Ropa,2024-04-29,203.08,2
7c8f9f3e-965e-4727-82a3-4260433b84e7,Belleza,2024-07-10,160.42,2
8edda3e5-8112-49de-8b81-b0fd7a3e9f6f,Alimentos,2024-05-09,138.92,1
26064f99-de90-489b-8197-092a4b8ae1ee,Belleza,2024-01-22,72.44,3
762c5d6f-0e83-4cbc-b2ab-66d903d74fa4,Belleza,2024-06-24,153.38,6
1754f260-6ab2-4de8-bd22-bc42019c1a2d,Tecnología,2024-09-28,142.42,4
21b0a5ba-c81e-4c7f-a6ee-4fc33b84413e,Alimentos,2024-08-07,42.92,7
ef44cfe3-0636-4587-aa98-3af0dc43a334,Electrodomésticos,2024-09-06,90.32,7
23d2ed55-b57d-40ef-b786-8ab3cae19b10,Electrodomésticos,2024-08-15,95.87,9
2a7281a8-dd64-454c-9cdc-78c41f743959,Ropa,2024-04-24,93.91,6
93badd84-5174-4d15-a2dc-705a68f385b6,Tecnología,2024-07-13,122.78,4
6fc94649-0c3a-46f2-a07f-7d7c37022184,Alimentos,2024-04-10,45.91,6
8a395219-6624-435c-b459-38371de32acd,Belleza,2024-07-09,142.5,5
54858041-5f8b-4ab0-8ee5-538e24720704,Electrodomésticos,2024-07-18,143.79,4
8abced0b-2ba7-440e-9bca-378bc2507f23,Tecnología,2024-07-03,135.9,6
439ed8da-962c-4f07-a710-014c99558c0d,Tecnología,2024-07-22,183.78,6
b73aebae-c7c8-4a82-89e2-2d91ea2da60d,Electrodomésticos,2024-07-21,70.83,5
2dfbf4ee-565e-4ea5-b0f8-942c5d1f864b,Ropa,2024-12-10,34.95,1
3f19f965-b7bd-40cf-be2c-1b9115c5ee26,Tecnología,2024-04-18,41.5,6
90143ef9-18c8-4dc3-9e6d-392dd750fd9f,Limpieza,2024-03-27,10.0,4
eed55196-691f-47be-bb45-126e4505361f,Belleza,2024-09-07,98.62,1
74e3aa50-9113-4717-bc20-156d0a421cac,Electrodomésticos,2024-07-10,188.61,4
27929694-fa6b-4c10-8cc4-14364d3ff12b,Belleza,2024-08-18,86.29,4
88695e00-e79d-4f35-8d61-5750e2ff1eec,Electrodomésticos,2024-10-26,50.03,4
50571fb8-0740-4589-8c01-c55e64607a39,Tecnología,2024-11-27,51.18,3
38ffff56-3b89-49fb-941d-bf1bdc6205df,Ropa,2024-03-18,55.38,8
dc1a3f75-ff34-4e45-9e1c-1fad2a345338,Limpieza,2024-04-13,145.68,9
51b8d5c0-e4a1-40d6-aeda-7dfb5a9b90be,Tecnología,2024-10-15,59.84,6
9a6c2e3f-062f-42a1-a568-8dfa30f7adec,Ropa,2024-07-27,108.7,4
4b7210af-38c8-4b8c-b2ad-44e6d79455e5,Limpieza,2024-12-07,91.54,9
d456accc-b19c-408f-b2e7-3e72f90af13c,Tecnología,2024-11-07,10.0,7
db89aeb4-29ab-4eb9-8790-14bcf39fee31,Belleza,2024-10-26,144.2,2
efac2a7c-f02b-4ad5-82f7-059ed85cc74a,Alimentos,2024-11-14,103.35,7
5032ce61-9e98-4e54-bc2f-5a25e50a38d9,Tecnología,2024-06-29,125.8,8
33d82339-6f69-480b-9c69-9f3f4e85e94c,Belleza,2024-08-11,139.71,5
79e3ddbf-cfa5-46c8-9db1-4ef7515551cb,Electrodomésticos,2024-11-18,37.29,3
eeec7399-0c76-4600-a9db-8e84fd192188,Alimentos,2024-04-07,104.0,9
c33ec146-4874-49b1-9722-1eee862629b1,Tecnología,2024-06-08,117.4,9
ad1b7a0a-3b25-4b90-a618-cdfe86a4d5e6,Electrodomésticos,2024-07-11,78.66,9
0b57d2e1-e055-49e3-bc9a-b011f8f4e5ff,Belleza,2024-05-28,72.91,7
47a3619e-e82f-4573-b21e-e513abce987a,Electrodomésticos,2024-03-02,49.21,2
d7da705e-8ba7-423b-a529-dcebd483c4d1,Ropa,2024-08-05,103.08,9
426fbb6b-4aae-4c76-83f2-10989c17c14d,Belleza,2024-03-27,208.69,6
d8adf7be-7aa1-4e1b-bb29-1282e3acb444,Limpieza,2024-08-04,147.02,1
8eaacda5-8cf6-4806-97c5-dc5ba6f79f9b,Limpieza,2024-08-30,121.83,2
6bcfaadf-70e3-4655-8911-72f5e3e93697,Alimentos,2024-08-31,145.2,7
3786593c-c069-430b-86d6-a89bf153eb7e,Belleza,2024-01-13,147.22,6
09fd2483-c419-4401-a141-d19bef66ff83,Ropa,2024-01-15,65.54,3
74399d60-7423-4719-83f5-656284826ceb,Alimentos,2024-07-09,68.58,7
c75c6fe5-f9a0-499b-a91e-5781d9ec3bba,Tecnología,2024-07-31,130.12,4
f6beb582-6112-44bf-86b0-5aa2e39e2592,Limpieza,2024-02-28,158.1,6
49ce6be2-c119-4989-8a29-4ac6fd0ad7d8,Tecnología,2024-11-02,61.58,6
a2714146-b845-4f2a-83f3-e4b5b52d6f54,Ropa,2024-03-24,81.98,9
1b050bfd-0310-44a5-93cd-20c20bb71e08,Limpieza,2024-06-23,125.57,1
6a89120a-368f-4dfa-acb2-9131e0270205,Limpieza,2024-09-22,96.95,8
e9670641-23d5-4f06-99fe-009f8ecd4f8f,Ropa,2024-03-01,63.21,1
7f2aa096-dfa0-4051-a6c2-26917b8ec941,Limpieza,2024-10-18,51.33,4
c01c7e2e-dba1-4625-8b0b-736864fef4f7,Electrodomésticos,2024-09-28,99.73,2
4994fe71-4b22-4861-a20d-924d30b92b22,Alimentos,2024-11-29,105.66,8
e1941552-9759-42ea-84ed-0b841b2ae7ca,Ropa,2024-01-17,28.09,9
5166e709-f7d5-4d29-9d1e-8237fa32cb81,Ropa,2024-07-14,52.83,9
32399c14-5c47-4c9a-b4be-ea35be9d4bd8,Belleza,2024-06-21,43.8,8
3e662e8e-8838-4964-9d6b-fda5a802acd0,Limpieza,2024-04-11,124.24,2
6202abe5-f6d8-45d3-bee9-a59b631ecd44,Alimentos,2024-03-27,57.68,3
6792c6b0-975d-479e-a11d-d4cc5c97ffa9,Alimentos,2024-04-22,83.26,8
b9632872-71fc-4ba3-881b-c052525f466a,Tecnología,2024-08-08,79.82,5
acd14c0b-3bf4-4660-9066-f4fcdbb11110,Ropa,2024-10-21,57.03,1
dc6525d5-6ecf-49a8-ac63-1481ab7a4876,Tecnología,2024-07-25,157.12,7
a4351597-b725-4454-911d-32b152aae4c5,Tecnología,2024-08-16,157.44,4
08d2a69b-863b-40a9-aa95-37fda1ec8413,Ropa,2024-01-13,171.62,6
4cd29e8b-9c76-4323-bd3c-3b2aed0d59c2,Limpieza,2024-03-19,40.55,5
dabbc560-3452-4794-b027-b9b9b65da6ae,Electrodomésticos,2024-08-08,87.24,3
09a6af82-4839-4a00-8afe-15600c72abbe,Electrodomésticos,2024-04-03,73.8,3
69d4128c-f5bc-4eea-945e-90fd07cab21c,Tecnología,2024-05-03,37.14,9
09093caf-a353-435d-a2b1-dc8c76bd7965,Ropa,2024-06-04,113.84,9
d543fbc0-528e-4a8f-907b-399c9b9e8a7d,Tecnología,2024-04-11,136.61,8
4c975ba3-e407-4c0a-b77c-341e2c611f46,Limpieza,2024-02-14,106.71,5
c75fdd8c-adff-4155-8e10-e954c566f6c4,Ropa,2024-09-22,105.64,8
682bf828-33e7-4887-9be9-2aa4b81f1835,Limpieza,2024-04-10,88.05,4
a78d6f03-45a5-4a9d-8298-ccff1db440a6,Limpieza,2024-10-12,81.66,9
3f849dbc-7b5d-4a9a-b8fd-99ecaaeabc1b,Alimentos,2024-11-25,180.77,9
f2bc42ed-1e0c-49f7-a24c-f65f9eb199d5,Belleza,2024-10-28,83.88,1
91229100-1626-43b8-a1bb-41892ff560e5,Tecnología,2024-08-23,121.47,3
40f9c65f-eebc-4a22-b54e-1132769215d4,Electrodomésticos,2024-05-29,119.12,4
3c4acc20-2319-44b2-aa0f-3bcd78fc639f,Tecnología,2024-05-18,41.05,8
9811cc90-ab85-4fcf-b540-beaa3c889a63,Ropa,2024-01-01,159.38,7
acdd7586-f4c6-439b-b7ef-8aa064eb9a3b,Belleza,2024-11-24,79.9,8
b1f425ee-6c4a-4823-9992-7db89e82ed1b,Alimentos,2024-05-10,126.21,4
7236749c-23c5-4769-8f49-1c7226d73370,Limpieza,2024-12-06,10.0,5
4b5c645d-826d-4a71-beb0-4f938ee5440d,Alimentos,2024-12-09,106.29,9
5702c3a9-5bb1-4688-aa4f-bd40f64bc3fc,Tecnología,2024-11-21,172.9,4
557a39eb-e969-412e-9d58-ab97b9a345b8,Ropa,2024-02-08,74.22,1
7ee63cfe-5a7f-4e41-8cc8-3b3b435fe7e4,Electrodomésticos,2024-08-22,131.74,2
9ac49034-50d9-4604-b31a-c65a4d70a4fd,Alimentos,2024-10-31,155.48,1
69367639-54a6-499d-ba58-364e04af31f1,Belleza,2024-10-10,133.63,2
1971f6fc-7f31-4ad2-9181-025e9ae707bf,Belleza,2024-09-10,194.99,6
e4c1ddb1-1e51-43d9-8489-6ad8be9b999c,Belleza,2024-05-24,107.04,3
2e639f0a-a118-48be-bc79-beb4344debc8,Alimentos,2024-05-12,155.03,4
971186ea-cf37-4dcc-abff-17d3a87172d3,Electrodomésticos,2024-10-11,88.91,9
657e7b13-0c9e-4771-a7a3-d5504a771aba,Alimentos,2024-04-23,121.08,3
1aa60de6-78ac-4ab4-8712-fed44eda5587,Alimentos,2024-08-11,136.94,4
40f7db82-14c1-4900-b7b4-2ce50554c4d9,Tecnología,2024-10-10,130.77,7
bed82057-f40a-4df8-869e-d0f4875b2316,Belleza,2024-09-22,53.23,7
d45c0465-0e63-4cd2-b9c7-cfced7851494,Electrodomésticos,2024-03-20,154.3,3
634bbbcc-9d9f-4deb-b4a8-5757e4b69bc1,Ropa,2024-02-08,116.98,4
1bd14c58-cf97-463e-ac43-6add6aabc17e,Electrodomésticos,2024-08-10,67.71,9
b53bddcb-48b3-46f3-9f9a-93588e5ebf30,Electrodomésticos,2024-03-14,10.0,5
486bae43-4863-459f-a441-b5d1cfe80422,Alimentos,2024-05-31,85.19,9
ed712d73-b7bd-456d-b83a-d34b562b5b95,Alimentos,2024-01-22,132.78,4
7afab478-e302-4439-b1f1-e43d89cf6f04,Ropa,2024-03-28,176.39,8
fe5ed6e3-d53c-47de-9cae-070406a1524a,Limpieza,2024-03-23,147.52,9
b56dfdad-0bc3-4386-ac7b-f96a4a3bc5bc,Tecnología,2024-07-16,185.53,1
5078cc0e-3230-491b-9941-135a1a0df974,Belleza,2024-10-26,18.7,2
41873789-4046-4b00-9387-1ad0acf8c9c3,Tecnología,2024-06-09,75.21,5
d2718004-66e4-4c3c-9642-e0f931229333,Tecnología,2024-09-15,59.59,1
a305dcf9-cfc7-48fd-a366-92d2d2b3620a,Tecnología,2024-07-12,64.23,9
83614128-dd95-48a6-a6bb-90d899e3719b,Tecnología,2024-03-02,43.98,3
b2fb7e0b-3fd4-4508-80a9-d2cda4a2135d,Limpieza,2024-03-13,94.5,4
d6d60246-0375-463e-a2c8-8c2620b7413f,Tecnología,2024-08-05,171.61,3
1dffbf3b-a88c-4b3d-bb4e-00a695ab1deb,Ropa,2024-09-22,86.42,7
55f0a8ec-26c2-4719-bb06-772f8712e371,Ropa,2024-02-03,87.7,3
609275a2-0585-4c7e-b1fb-ac1806064f9f,Belleza,2024-09-04,57.84,2
c27bb827-1f0e-4fc1-af98-4c5d7a2daf22,Limpieza,2024-05-10,117.66,8
440be803-c9d2-4992-9ea7-d22e5aee3c3e,Belleza,2024-07-21,99.01,6
16b2a232-7e88-4804-8240-dfa6ab2dc618,Belleza,2024-02-18,62.88,6
fd4b9bc1-d5a9-4674-8115-376251d4028b,Limpieza,2024-11-29,34.0,8
f8ca3812-4b66-4838-92f0-21659902c69c,Alimentos,2024-11-27,88.99,8
2ebe0d6c-e9e3-430d-ade7-7f3d592eeb5c,Belleza,2024-04-19,10.0,3
44965e3a-2b09-45f9-bd80-80b52ef5fe18,Tecnología,2024-05-24,224.22,6
29c4cc8f-fc93-465b-af81-930a1b6082a0,Electrodomésticos,2024-10-01,64.85,1
e1288939-b1d8-44bc-9cc4-b31971c02428,Belleza,2024-06-21,114.9,1
3d045c07-672d-473a-a2b3-8e038af17525,Limpieza,2024-07-05,114.44,7
a767e260-1f93-4b6e-9b92-f7f359c865ed,Tecnología,2024-12-02,27.46,6
af2b78cb-f5aa-4bb9-8dc9-a912c3506d27,Belleza,2024-06-15,84.16,9
da8375da-0035-4b0c-8df7-acf4128c964c,Electrodomésticos,2024-11-24,70.96,1
5110977a-2db6-4264-b586-b0deaef8af61,Tecnología,2024-02-20,142.69,3
131910d6-a8d5-4d7a-bb18-194ecd0fe599,Alimentos,2024-08-28,153.8,3
888e483a-4e5a-4f0e-a57a-2d131cdb3129,Alimentos,2024-08-11,101.07,1
59e1dbcd-8c1b-488c-9141-9178e835626f,Ropa,2024-11-06,128.96,5
fad21c41-056f-44f6-bd42-6f014a81abfc,Tecnología,2024-01-24,117.41,1
08a50118-f27a-4259-aed3-0b07c8f54619,Tecnología,2024-09-24,134.39,7
33fcd800-7f33-4a39-9f5f-03bfe3c60f67,Belleza,2024-01-29,120.98,7
95fde618-51d5-4f12-bcb6-68a8e81ab5dd,Electrodomésticos,2024-01-26,180.61,2
c3f3e3f2-143c-4f7c-b859-01240de1956b,Ropa,2024-04-23,144.84,1
09abe9e3-7da5-417c-908d-20a920b6056e,Ropa,2024-01-19,55.59,8
96b33c43-439b-4b34-a7b1-61150253409d,Ropa,2024-05-22,84.66,1
0a53d747-09b4-48f2-ab8c-623bc61530a9,Electrodomésticos,2024-09-26,16.28,9
6eaf4ecf-cfb4-4e50-94d1-398d9a92042d,Limpieza,2024-01-25,55.19,9
fb51c22b-30b0-42ba-b075-4971f6250aa9,Limpieza,2024-08-15,158.81,2
e7443bb0-cb7b-4234-9841-bb613bda37ca,Alimentos,2024-03-11,13.3,6
340e9eba-5d3b-48c5-a923-3a64b5f35661,Electrodomésticos,2024-02-21,147.66,4
8a22bd52-28e6-4380-ad48-8fec1ac6bdab,Belleza,2024-04-22,114.36,5
c7bfebc2-a16f-4330-9cac-449c1c473453,Limpieza,2024-12-06,164.1,8
af40b356-b779-43f0-b4a7-d9cea8cfda70,Limpieza,2024-11-14,105.84,1
c112342d-3ba9-4042-bbfa-db5150858790,Electrodomésticos,2024-07-09,15.15,1
064cc09e-7dfa-4ef8-9fcf-73d17ee5429e,Tecnología,2024-04-11,67.72,5
c65a8981-465b-48fb-b0b5-ff2623c4fb8f,Tecnología,2024-07-04,71.49,9
b415b28c-e801-4ad3-838e-d2a65e8d9afd,Electrodomésticos,2024-04-06,130.92,6
ef1103e2-747f-40f7-b170-bc8ab94074b6,Ropa,2024-12-01,152.4,4
bfff02f8-3621-4957-aa48-12ae4e90d591,Alimentos,2024-09-11,83.23,7
7e0ce81e-edff-464f-88c2-0695cd0697fc,Electrodomésticos,2024-02-01,150.03,2
523e9804-442f-4493-9e14-66db9ba0853c,Alimentos,2024-05-01,66.47,3
41e56439-8254-4ba2-a351-667e7171e2b3,Ropa,2024-11-27,174.8,7
66562fc6-b3f9-488d-ae15-0ba9ec3aca30,Alimentos,2024-02-02,122.86,9
8da83449-ed6b-463f-a1f5-e52c4ce21520,Belleza,2024-05-12,151.63,7
94f9cbc3-78c8-4a45-91a6-a021466db363,Limpieza,2024-10-01,156.34,8
24ad35b1-b188-46a7-912a-28558b45c945,Ropa,2024-02-24,44.71,8
cdac2572-eec7-4f10-8c7e-702207be61a2,Electrodomésticos,2024-04-30,89.25,1
c3f866c5-9e83-4bb6-aa1c-773d5f3c95d1,Ropa,2024-09-03,111.38,2
571fad47-e92a-49ed-b448-06a97d580b14,Ropa,2024-09-04,10.0,3
2557e5c4-b61a-471c-8bbf-38fbcaec34b6,Alimentos,2024-09-24,163.68,1
8e1b096a-a77b-4aa3-a14a-9a265c5a2bbc,Electrodomésticos,2024-04-17,75.09,6
c764c35a-aa35-48dc-a9bf-9a7abdcc8ed7,Tecnología,2024-11-10,161.11,8
b1d8cc14-6328-4cdc-b60c-4e6cb2dd3365,Ropa,2024-06-12,105.56,6
c105a14d-5d9e-4362-b4b5-12551988911a,Electrodomésticos,2024-10-25,101.4,4
d7941c73-fe0b-4e43-9654-e982d70efea1,Limpieza,2024-03-15,120.91,6
68e6d20b-0f26-4818-ba1a-0120ae1889b1,Alimentos,2024-08-20,45.09,2
dc9f9bf8-87f8-41ee-a01f-46845507ca43,Belleza,2024-10-20,81.91,5
ea525afa-4250-45e7-b7df-1b409c9dd02d,Belleza,2024-12-07,102.31,5
176f0142-5802-4fc3-a7da-77f697857a63,Limpieza,2024-08-19,97.46,5
7a9ca172-eb5a-48eb-9613-32d052c2edc8,Alimentos,2024-03-08,111.98,9
f15c1bcd-d1c2-4af0-adec-f756d1b9f986,Electrodomésticos,2024-01-29,145.2,4
66b661eb-a316-461f-af77-f9b6074dd488,Electrodomésticos,2024-03-13,21.46,4
71b09045-388b-4376-822a-96dbff502189,Tecnología,2024-01-01,43.66,5
5694be29-6222-4847-9e9f-b33cfb33694b,Electrodomésticos,2024-07-26,186.63,6
1014d44b-d9a7-423a-b11f-3bc864720b9a,Tecnología,2024-07-07,211.57,7
a53c3dcb-2d28-4dab-8359-94c1717a2d39,Alimentos,2024-03-11,153.11,3
e1dafcd9-3882-47fc-9d59-656f5fe78284,Limpieza,2024-01-15,76.63,1
068031ea-9848-4b96-a983-8b582ca79e75,Tecnología,2024-02-24,36.93,7
e390eb50-cc22-4e3c-9ecc-8436405a8cdb,Ropa,2024-06-23,56.75,3
c2d050e6-a5b6-4572-8771-6b4259dae04e,Electrodomésticos,2024-02-29,46.36,3
ba83fdc3-8f8a-4b41-9849-2b7e70ad23a8,Tecnología,2024-03-04,111.96,2
bad40bd9-f616-480c-862c-f6311d35d656,Alimentos,2024-10-29,131.55,3
16465132-fd70-4298-ad5d-762fc4ca639f,Ropa,2024-02-08,67.3,2
e9fe02de-90b5-40da-a5d3-199606fef9c4,Belleza,2024-07-22,198.03,5
c8f2f456-1522-44cd-beaf-d397363194e3,Tecnología,2024-11-02,156.37,8
b4ee77a9-495f-4a43-bfb7-a1de3b2fd799,Ropa,2024-06-19,122.75,6
0d8c1a6e-70c9-441d-b8e4-09815197c72e,Alimentos,2024-05-31,138.04,5
10aa1b67-1d01-4c2b-8da6-e9caef19e4d7,Limpieza,2024-02-05,113.29,6
80b3eba2-2524-4f6b-8aca-a30594e32177,Tecnología,2024-01-30,188.46,6
958395f3-aabe-4a53-8f3c-ca32d8774ecc,Alimentos,2024-12-01,66.07,8
d9cf6434-4870-4cf6-9543-4fef47e7cecb,Ropa,2024-01-29,103.78,9
608bef94-dd1f-4388-8cd7-1885f8e53ebf,Belleza,2024-08-06,100.94,4
b1fe54c4-e1b2-465b-9df6-903256224092,Belleza,2024-05-24,132.69,7
c0ff6cbf-c2ce-4727-b0fa-b28a28b78eea,Limpieza,2024-08-26,262.73,8
c03ed06c-aa73-4c74-9163-3c80250a49af,Alimentos,2024-06-07,37.78,9
3baa9b7b-801a-4361-9f5d-170eaeb70465,Alimentos,2024-08-09,152.8,2
8d7decae-74fe-4906-858e-ca58d1c6e032,Ropa,2024-11-13,111.16,3
471e2964-6f33-45b1-b0e3-13f5e7e9988f,Ropa,2024-06-18,94.67,9
ae65856d-b659-4c39-b5c8-e1d4b76533f5,Ropa,2024-10-07,169.52,1
e8ce702c-2b81-42bc-84e2-81058438e244,Electrodomésticos,2024-07-27,129.68,7
5090fe5f-8460-4848-9acf-db707861cb0d,Limpieza,2024-01-30,10.0,6
e7553374-63a3-485f-a6f2-906779ec581d,Tecnología,2024-09-08,211.99,5
8b37e89e-b590-4061-aafe-f4f197827f2f,Ropa,2024-01-10,123.0,2
505f1b28-ab32-421e-9bc0-e012ccbc7315,Electrodomésticos,2024-10-24,55.28,9
e71cc51b-36b9-4e9b-bb20-c6ff74f326ab,Belleza,2024-06-13,65.8,3
d12b850e-f2ef-491c-b5d4-1ed87840fc2a,Alimentos,2024-11-23,93.81,5
1a4af78e-9dff-4b8f-98f1-3f37c43a6c3e,Electrodomésticos,2024-09-07,82.18,5
81af1f08-729f-42a2-8b29-722fa43d706f,Tecnología,2024-11-20,140.02,9
173c3d3b-af38-478c-a7eb-d07cf65f7221,Electrodomésticos,2024-01-01,137.71,4
e60fdd12-dc6e-4f2b-a45b-0686ac5cf4b1,Alimentos,2024-04-25,61.65,9
2fb532c5-cc50-4e4a-9415-1a5782482c8e,Limpieza,2024-04-21,110.59,4
19ec0f43-fe35-4e46-a491-e4ad835c75bc,Belleza,2024-09-10,205.47,2
f0b4c835-025f-4791-924a-5c53f57191f7,Tecnología,2024-04-21,139.23,3
5b6df03b-f6fe-45e7-95af-12568bbe45ef,Alimentos,2024-11-25,119.53,1
402f6303-6918-47f8-98ff-df808b693a72,Limpieza,2024-06-19,139.65,6
203b2623-a31e-45e2-8c92-59d88d034270,Ropa,2024-08-09,122.37,8
6e7fc3ef-8f06-43d8-a551-32d536e82df6,Ropa,2024-09-11,62.22,2
0287c889-a805-42f7-b454-d6af94baff84,Alimentos,2024-11-06,141.47,7
00253dc5-19e6-496b-9654-d1f505ef8650,Tecnología,2024-07-02,90.31,7
e8c68f97-f780-42b1-abc6-487022e25fe3,Electrodomésticos,2024-08-31,26.13,5
00770a15-cd69-4fb5-b18b-26d4ae1a2cee,Alimentos,2024-05-21,112.89,5
0b0da297-dfd8-4fbd-b07d-fc889fa59bed,Alimentos,2024-06-19,57.27,1
0bc9c64d-e210-415c-9361-a38b5d147e68,Belleza,2024-08-20,116.75,4
a097f116-19c1-40fc-b45e-89d1a6b746a2,Belleza,2024-03-02,110.48,2
0c9fa825-8e7b-4916-b92e-f76e8cc07ecc,Ropa,2024-09-24,75.42,4
0d516082-39ec-444a-8ce4-d327ce5099a5,Tecnología,2024-03-27,111.83,4
0117a4e8-2802-4fe0-a539-4b5d366f9b7e,Tecnología,2024-08-05,168.49,7
2b24dc20-786b-46cb-b3e6-a74534bbb5ea,Limpieza,2024-09-05,43.85,2
456ef967-df1b-42e9-81f3-c06e857b95d3,Limpieza,2024-09-19,83.79,8
093f496d-7e0f-4467-b38b-a5c20938a68b,Limpieza,2024-11-01,51.79,1
0fc31d99-8a40-4b6f-8549-b4f320bf2972,Electrodomésticos,2024-01-22,146.79,1
96601508-b26b-4c8b-97e4-6183f3dd48c2,Limpieza,2024-04-02,135.34,6
f4039993-e232-4e3a-a35b-4d7e4949415e,Belleza,2024-12-06,146.51,1
9b013550-096a-46a4-9e83-184ebbc49e3c,Limpieza,2024-06-08,10.0,9
3b907eb8-a32f-41c1-bced-54bdd84075e2,Tecnología,2024-06-14,78.55,9
b7c7fd5d-ff88-4dd2-8695-bcca32feef3f,Electrodomésticos,2024-05-01,109.25,2
4b3de191-1029-4a1a-a20e-f2399ad4706f,Ropa,2024-03-11,47.35,4
8d0a09a9-14b6-49f2-b8f0-7044bec5752f,Ropa,2024-03-12,10.0,8
d4cab38a-dd29-4886-bd50-6b23edbd6823,Ropa,2024-08-14,40.55,3
d1a12a8c-a67f-4671-8ed1-6122855d95c2,Tecnología,2024-02-15,136.9,9
a19befbb-0bb3-4d5b-8921-978c8b705fe0,Limpieza,2024-11-22,105.54,7
8dc52117-63d2-45f6-9a9c-d85a5dd83faf,Tecnología,2024-06-14,148.27,1
876b2668-8def-41e0-901b-a08338722e41,Ropa,2024-10-17,161.81,1
f61005a2-373c-47d4-a2c7-21105f2b3245,Ropa,2024-01-31,47.23,5
04298732-5631-4d29-9526-c8100745e09b,Ropa,2024-03-20,152.92,3
c52aa7f7-0b95-4a9b-b336-314756ca09a9,Alimentos,2024-10-30,78.09,5
90507337-ec54-4f2f-bc75-7e075b9fe46d,Belleza,2024-05-11,106.99,7
524c1711-8528-4963-a0ba-4ef429eb26ff,Ropa,2024-12-05,96.35,2
bea2b423-d51c-43a0-ab70-68a56c0c7c31,Belleza,2024-05-15,155.59,3
28088ee5-d5aa-4bd2-af00-25fdd13be2a6,Ropa,2024-05-07,111.0,4
2b0c7700-0900-4546-9aac-e3280e506c40,Limpieza,2024-01-29,33.7,9
93371a63-9cdb-469c-bab1-060f892307f2,Electrodomésticos,2024-04-02,119.62,6
15b73a8f-9b31-4663-aed6-3f068e93d37d,Electrodomésticos,2024-06-29,131.48,4
f2dfccee-1142-443a-a3e6-67d5252a6084,Tecnología,2024-05-02,133.64,4
e8946316-e068-4bb3-b490-204fe46fac73,Limpieza,2024-08-04,91.78,3
643874c3-196c-40f5-9991-63d64b48f9b0,Ropa,2024-11-28,82.83,1
93498585-01e4-4c11-affd-da951dc7cf20,Ropa,2024-11-21,198.23,5
c5460768-91e8-4328-8ec4-490dcbae7b35,Ropa,2024-07-11,105.67,1
cee50996-ee6e-4934-91d2-aa4b211f5870,Belleza,2024-09-08,84.46,6
6df0301e-6117-4fe3-9bc0-fabf49004b83,Limpieza,2024-10-31,53.71,5
e9b01c6a-975f-4357-b97b-28b25a46e849,Belleza,2024-11-30,105.07,8
b9f4a954-04d1-4383-bfa0-ca7109f5c8af,Limpieza,2024-10-05,89.1,6
d6cdfeba-5120-4c40-bbba-3c9d315c4aa3,Electrodomésticos,2024-02-15,10.0,6
4e024762-ba41-44f0-8f42-42d5c977cea1,Ropa,2024-02-23,99.04,4
33da0e47-aecd-449d-9b4c-bec30ad4acff,Limpieza,2024-05-24,86.86,6
e97805cd-d5db-47fb-aa19-951fcce61f97,Electrodomésticos,2024-01-30,152.68,1
3abddb7b-1e61-41bd-bec0-058f11148d01,Ropa,2024-03-11,63.83,6
513057eb-c8e0-4098-9cbf-e5819f7acd22,Tecnología,2024-08-07,90.41,9
169e72c4-8272-4803-ae35-ada73be446a2,Limpieza,2024-09-20,65.42,5
12c7179e-c516-4a48-b2a5-f34b34f15e37,Belleza,2024-10-28,10.0,9
7a555d2e-db3f-4bc2-9c18-4dfea6a224f5,Electrodomésticos,2024-01-21,63.74,7
41347db3-b6b4-47b2-b094-740e1a679ca6,Limpieza,2024-11-13,131.44,5
b8aeb4a5-ad90-495e-a350-4196b7288a85,Ropa,2024-02-07,38.68,7
44882914-06d0-406e-be6d-fdba1c1b9053,Ropa,2024-03-22,108.67,9
450af342-afd5-48ed-922d-df9befc05f3b,Tecnología,2024-01-28,112.2,6
96723276-df9f-41b9-92ff-8df6b652cd7d,Alimentos,2024-08-03,80.21,9
4b88bd3b-266b-49e2-b278-75b04a34b622,Tecnología,2024-07-19,91.02,2
a839e424-dbc2-464c-8606-9d00596b29ae,Limpieza,2024-10-25,183.57,7
726979aa-153d-44dd-b0f2-7b23b907e952,Ropa,2024-02-13,94.62,4
4ebcb932-754a-46d4-9965-b3b55c00fffd,Limpieza,2024-10-25,206.32,6
29bb7ef2-7c76-41bd-84bf-2636cc9dfd57,Electrodomésticos,2024-06-21,121.65,1
e4fa05ee-3081-4e1f-8308-119449e285a5,Alimentos,2024-09-09,138.42,9
2e3c1ffc-f8be-49c4-bd32-e9598c2906a6,Limpieza,2024-04-29,172.39,9
7fa2f40b-93ee-4c77-a643-e7093cdc08f8,Limpieza,2024-10-29,43.14,5
aad618f1-ffb4-41cb-be40-6effd9003199,Ropa,2024-06-14,53.03,1
5e635cfd-51f8-4fd6-b47a-44c80078595c,Electrodomésticos,2024-03-19,92.43,6
3b1cdf09-3ca2-4346-9450-97d236084e02,Ropa,2024-06-24,120.82,9
622098e8-4fec-4ba7-82c1-9be3cb11460c,Electrodomésticos,2024-05-07,155.73,2
1547c90b-8918-4a46-9272-4e7291dab425,Tecnología,2024-11-10,155.7,4
7cf23a20-5d7d-4f1e-94ac-965c23105e98,Ropa,2024-03-22,15.55,2
bd95e0b9-ee7e-4c4a-b7ea-d2845a96e46e,Tecnología,2024-06-05,64.03,5
63412984-3c68-4c67-a1d8-3ae637a25c4e,Belleza,2024-04-23,90.5,6
4b05657d-c9a8-43e1-886a-602c6464f137,Belleza,2024-02-18,82.13,2
0640449d-26cf-49d5-a44f-e601c6bafdba,Belleza,2024-06-24,10.0,3
596a11e1-5d3e-4989-8c82-92bfb447e0d7,Belleza,2024-05-11,176.67,6
eb149b36-9b72-47a0-ac53-f613d08f8f6d,Tecnología,2024-02-14,147.68,1
d5559489-b290-4dc7-98e0-8f46b487b7f9,Electrodomésticos,2024-07-29,97.76,2
040cc697-16bf-45e0-9c1a-a0c3f44660e1,Alimentos,2024-08-14,180.83,9
5e9e4ba0-7773-4b9d-bfc4-044723e2623f,Ropa,2024-05-10,45.06,3
b1c275f8-955e-4070-8b40-d1175571cd05,Ropa,2024-08-13,102.4,5
9e22b9b5-45bd-4dac-b095-35e7a8659074,Electrodomésticos,2024-05-04,116.59,2
af4366ca-9654-4688-9205-9cbf57ab114f,Alimentos,2024-10-14,74.72,2
78121e2c-a243-438d-ba21-2a879e08541e,Limpieza,2024-01-16,71.37,6
14640a6a-ce34-413d-84a3-326f70695d4f,Ropa,2024-09-09,126.76,2
7cd3dafd-193f-477b-b37a-20ad37275de1,Electrodomésticos,2024-05-03,137.97,5
bb660cc1-f3a0-422a-8b98-0f616a07f37f,Limpieza,2024-03-25,95.39,8
198596d5-a442-4118-8b62-ebee058ba01c,Belleza,2024-07-26,120.09,4
afdfd48a-bb79-4ea2-b1e7-a08363e02028,Belleza,2024-08-17,169.62,4
179fcb35-ad01-48cc-b799-5649f24c07ad,Limpieza,2024-09-21,158.76,6
cea8278d-2c20-4940-ad6b-0373414cba3a,Tecnología,2024-04-10,84.35,4
eae60951-7586-4062-84db-e3b09e47d850,Tecnología,2024-07-23,99.96,5
49ed53c2-b1f4-46e9-897f-342a01ad7c5c,Limpieza,2024-01-18,144.12,8
7b79a782-c3c5-4261-9aca-d60a8e36a4ab,Alimentos,2024-04-14,77.4,6
